=== allPhonemes_Voiced: train (228, 22, 7500), test (152, 22, 7500)
  seed 0 epoch  10/500: train acc 0.057, test acc 0.039, train loss 0.1274, test loss 0.1190
  seed 0 epoch  20/500: train acc 0.026, test acc 0.059, train loss 0.1253, test loss 0.1175
  seed 0 epoch  30/500: train acc 0.079, test acc 0.079, train loss 0.1223, test loss 0.1141
  seed 0 epoch  40/500: train acc 0.114, test acc 0.112, train loss 0.1089, test loss 0.1027
  seed 0 epoch  50/500: train acc 0.158, test acc 0.237, train loss 0.0991, test loss 0.0917
  seed 0 epoch  60/500: train acc 0.224, test acc 0.270, train loss 0.0880, test loss 0.0851
  seed 0 epoch  70/500: train acc 0.325, test acc 0.362, train loss 0.0799, test loss 0.0732
  seed 0 epoch  80/500: train acc 0.425, test acc 0.428, train loss 0.0679, test loss 0.0656
  seed 0 epoch  90/500: train acc 0.469, test acc 0.480, train loss 0.0570, test loss 0.0590
  seed 0 epoch 100/500: train acc 0.504, test acc 0.474, train loss 0.0583, test loss 0.0569
  seed 0 epoch 110/500: train acc 0.583, test acc 0.474, train loss 0.0445, test loss 0.0562
  seed 0 epoch 120/500: train acc 0.684, test acc 0.546, train loss 0.0409, test loss 0.0489
  seed 0 epoch 130/500: train acc 0.684, test acc 0.434, train loss 0.0370, test loss 0.0562
  seed 0 epoch 140/500: train acc 0.776, test acc 0.533, train loss 0.0331, test loss 0.0472
  seed 0 epoch 150/500: train acc 0.803, test acc 0.553, train loss 0.0277, test loss 0.0450
  seed 0 epoch 160/500: train acc 0.838, test acc 0.526, train loss 0.0242, test loss 0.0443
  seed 0 epoch 170/500: train acc 0.864, test acc 0.572, train loss 0.0224, test loss 0.0429
  seed 0 epoch 180/500: train acc 0.908, test acc 0.533, train loss 0.0180, test loss 0.0455
  seed 0 epoch 190/500: train acc 0.961, test acc 0.553, train loss 0.0152, test loss 0.0417
  seed 0 epoch 200/500: train acc 0.904, test acc 0.559, train loss 0.0184, test loss 0.0439
  seed 0 epoch 210/500: train acc 0.965, test acc 0.559, train loss 0.0122, test loss 0.0421
  seed 0 epoch 220/500: train acc 0.956, test acc 0.579, train loss 0.0109, test loss 0.0417
  seed 0 epoch 230/500: train acc 0.978, test acc 0.605, train loss 0.0088, test loss 0.0425
  seed 0 epoch 240/500: train acc 0.912, test acc 0.566, train loss 0.0145, test loss 0.0416
  seed 0 epoch 250/500: train acc 0.978, test acc 0.572, train loss 0.0099, test loss 0.0432
  seed 0 epoch 260/500: train acc 0.947, test acc 0.533, train loss 0.0097, test loss 0.0431
  seed 0 epoch 270/500: train acc 0.991, test acc 0.546, train loss 0.0076, test loss 0.0429
  seed 0 epoch 280/500: train acc 0.996, test acc 0.533, train loss 0.0064, test loss 0.0439
  seed 0 epoch 290/500: train acc 0.996, test acc 0.533, train loss 0.0049, test loss 0.0464
  seed 0 epoch 300/500: train acc 0.991, test acc 0.546, train loss 0.0048, test loss 0.0465
  seed 0 epoch 310/500: train acc 0.991, test acc 0.553, train loss 0.0046, test loss 0.0472
  seed 0 epoch 320/500: train acc 0.974, test acc 0.566, train loss 0.0061, test loss 0.0453
  seed 0 epoch 330/500: train acc 0.996, test acc 0.559, train loss 0.0041, test loss 0.0460
  seed 0 epoch 340/500: train acc 1.000, test acc 0.553, train loss 0.0045, test loss 0.0475
  seed 0 epoch 350/500: train acc 0.873, test acc 0.480, train loss 0.0142, test loss 0.0570
  seed 0 epoch 360/500: train acc 0.996, test acc 0.599, train loss 0.0046, test loss 0.0422
  seed 0 epoch 370/500: train acc 0.991, test acc 0.539, train loss 0.0039, test loss 0.0462
  seed 0 epoch 380/500: train acc 1.000, test acc 0.553, train loss 0.0033, test loss 0.0463
  seed 0 epoch 390/500: train acc 0.996, test acc 0.559, train loss 0.0032, test loss 0.0484
  seed 0 epoch 400/500: train acc 1.000, test acc 0.559, train loss 0.0023, test loss 0.0518
  seed 0 epoch 410/500: train acc 0.987, test acc 0.513, train loss 0.0039, test loss 0.0538
  seed 0 epoch 420/500: train acc 0.706, test acc 0.461, train loss 0.0354, test loss 0.0640
  seed 0 epoch 430/500: train acc 0.982, test acc 0.625, train loss 0.0051, test loss 0.0412
  seed 0 epoch 440/500: train acc 1.000, test acc 0.579, train loss 0.0035, test loss 0.0439
  seed 0 epoch 450/500: train acc 1.000, test acc 0.572, train loss 0.0026, test loss 0.0437
  seed 0 epoch 460/500: train acc 1.000, test acc 0.579, train loss 0.0026, test loss 0.0456
  seed 0 epoch 470/500: train acc 0.996, test acc 0.599, train loss 0.0040, test loss 0.0439
  seed 0 epoch 480/500: train acc 0.991, test acc 0.592, train loss 0.0035, test loss 0.0475
  seed 0 epoch 490/500: train acc 1.000, test acc 0.599, train loss 0.0020, test loss 0.0455
  seed 0 epoch 500/500: train acc 0.996, test acc 0.566, train loss 0.0020, test loss 0.0481
seed 0: max-over-epochs test acc 0.638 at epoch 203, final-epoch test acc 0.566, final train acc 0.996, params 45054, 58s
  seed 1 epoch  10/500: train acc 0.009, test acc 0.046, train loss 0.1291, test loss 0.1185
  seed 1 epoch  20/500: train acc 0.075, test acc 0.072, train loss 0.1252, test loss 0.1159
  seed 1 epoch  30/500: train acc 0.070, test acc 0.092, train loss 0.1164, test loss 0.1055
  seed 1 epoch  40/500: train acc 0.118, test acc 0.151, train loss 0.1053, test loss 0.0978
  seed 1 epoch  50/500: train acc 0.162, test acc 0.204, train loss 0.0984, test loss 0.0898
  seed 1 epoch  60/500: train acc 0.237, test acc 0.243, train loss 0.0892, test loss 0.0814
  seed 1 epoch  70/500: train acc 0.289, test acc 0.329, train loss 0.0809, test loss 0.0760
  seed 1 epoch  80/500: train acc 0.395, test acc 0.382, train loss 0.0724, test loss 0.0701
  seed 1 epoch  90/500: train acc 0.465, test acc 0.395, train loss 0.0606, test loss 0.0647
  seed 1 epoch 100/500: train acc 0.544, test acc 0.428, train loss 0.0569, test loss 0.0619
  seed 1 epoch 110/500: train acc 0.575, test acc 0.428, train loss 0.0491, test loss 0.0592
  seed 1 epoch 120/500: train acc 0.579, test acc 0.447, train loss 0.0471, test loss 0.0584
  seed 1 epoch 130/500: train acc 0.636, test acc 0.467, train loss 0.0460, test loss 0.0566
  seed 1 epoch 140/500: train acc 0.675, test acc 0.487, train loss 0.0395, test loss 0.0559
  seed 1 epoch 150/500: train acc 0.697, test acc 0.454, train loss 0.0354, test loss 0.0538
  seed 1 epoch 160/500: train acc 0.741, test acc 0.487, train loss 0.0339, test loss 0.0534
  seed 1 epoch 170/500: train acc 0.768, test acc 0.474, train loss 0.0289, test loss 0.0547
  seed 1 epoch 180/500: train acc 0.803, test acc 0.480, train loss 0.0278, test loss 0.0547
  seed 1 epoch 190/500: train acc 0.807, test acc 0.461, train loss 0.0251, test loss 0.0562
  seed 1 epoch 200/500: train acc 0.842, test acc 0.480, train loss 0.0212, test loss 0.0537
  seed 1 epoch 210/500: train acc 0.846, test acc 0.467, train loss 0.0211, test loss 0.0543
  seed 1 epoch 220/500: train acc 0.917, test acc 0.480, train loss 0.0178, test loss 0.0552
  seed 1 epoch 230/500: train acc 0.930, test acc 0.480, train loss 0.0151, test loss 0.0542
  seed 1 epoch 240/500: train acc 0.864, test acc 0.428, train loss 0.0216, test loss 0.0580
  seed 1 epoch 250/500: train acc 0.956, test acc 0.467, train loss 0.0122, test loss 0.0568
  seed 1 epoch 260/500: train acc 0.982, test acc 0.467, train loss 0.0121, test loss 0.0597
  seed 1 epoch 270/500: train acc 0.925, test acc 0.454, train loss 0.0132, test loss 0.0627
  seed 1 epoch 280/500: train acc 0.925, test acc 0.474, train loss 0.0122, test loss 0.0592
  seed 1 epoch 290/500: train acc 0.925, test acc 0.447, train loss 0.0145, test loss 0.0617
  seed 1 epoch 300/500: train acc 0.982, test acc 0.441, train loss 0.0095, test loss 0.0602
  seed 1 epoch 310/500: train acc 0.961, test acc 0.461, train loss 0.0073, test loss 0.0629
  seed 1 epoch 320/500: train acc 0.982, test acc 0.480, train loss 0.0058, test loss 0.0620
  seed 1 epoch 330/500: train acc 0.978, test acc 0.467, train loss 0.0069, test loss 0.0659
  seed 1 epoch 340/500: train acc 0.842, test acc 0.441, train loss 0.0193, test loss 0.0660
  seed 1 epoch 350/500: train acc 0.982, test acc 0.467, train loss 0.0100, test loss 0.0626
  seed 1 epoch 360/500: train acc 0.996, test acc 0.467, train loss 0.0058, test loss 0.0634
  seed 1 epoch 370/500: train acc 0.982, test acc 0.454, train loss 0.0060, test loss 0.0645
  seed 1 epoch 380/500: train acc 0.996, test acc 0.454, train loss 0.0048, test loss 0.0653
  seed 1 epoch 390/500: train acc 1.000, test acc 0.454, train loss 0.0049, test loss 0.0656
  seed 1 epoch 400/500: train acc 0.982, test acc 0.454, train loss 0.0049, test loss 0.0660
  seed 1 epoch 410/500: train acc 0.982, test acc 0.428, train loss 0.0047, test loss 0.0701
  seed 1 epoch 420/500: train acc 0.974, test acc 0.434, train loss 0.0051, test loss 0.0705
  seed 1 epoch 430/500: train acc 0.825, test acc 0.441, train loss 0.0243, test loss 0.0697
  seed 1 epoch 440/500: train acc 0.974, test acc 0.441, train loss 0.0067, test loss 0.0705
  seed 1 epoch 450/500: train acc 0.987, test acc 0.428, train loss 0.0046, test loss 0.0679
  seed 1 epoch 460/500: train acc 0.996, test acc 0.467, train loss 0.0032, test loss 0.0660
  seed 1 epoch 470/500: train acc 1.000, test acc 0.467, train loss 0.0033, test loss 0.0650
  seed 1 epoch 480/500: train acc 0.987, test acc 0.447, train loss 0.0045, test loss 0.0803
  seed 1 epoch 490/500: train acc 0.991, test acc 0.461, train loss 0.0041, test loss 0.0638
  seed 1 epoch 500/500: train acc 1.000, test acc 0.447, train loss 0.0033, test loss 0.0684
seed 1: max-over-epochs test acc 0.520 at epoch 184, final-epoch test acc 0.447, final train acc 1.000, params 45054, 57s
  seed 2 epoch  10/500: train acc 0.031, test acc 0.026, train loss 0.1288, test loss 0.1190
  seed 2 epoch  20/500: train acc 0.044, test acc 0.026, train loss 0.1256, test loss 0.1172
  seed 2 epoch  30/500: train acc 0.092, test acc 0.112, train loss 0.1151, test loss 0.1086
  seed 2 epoch  40/500: train acc 0.123, test acc 0.158, train loss 0.1078, test loss 0.0988
  seed 2 epoch  50/500: train acc 0.215, test acc 0.250, train loss 0.0938, test loss 0.0871
  seed 2 epoch  60/500: train acc 0.281, test acc 0.309, train loss 0.0842, test loss 0.0781
  seed 2 epoch  70/500: train acc 0.368, test acc 0.342, train loss 0.0726, test loss 0.0710
  seed 2 epoch  80/500: train acc 0.412, test acc 0.421, train loss 0.0672, test loss 0.0658
  seed 2 epoch  90/500: train acc 0.421, test acc 0.336, train loss 0.0609, test loss 0.0642
  seed 2 epoch 100/500: train acc 0.526, test acc 0.408, train loss 0.0558, test loss 0.0582
  seed 2 epoch 110/500: train acc 0.592, test acc 0.461, train loss 0.0478, test loss 0.0529
  seed 2 epoch 120/500: train acc 0.667, test acc 0.441, train loss 0.0424, test loss 0.0523
  seed 2 epoch 130/500: train acc 0.711, test acc 0.493, train loss 0.0383, test loss 0.0503
  seed 2 epoch 140/500: train acc 0.561, test acc 0.428, train loss 0.0470, test loss 0.0524
  seed 2 epoch 150/500: train acc 0.667, test acc 0.461, train loss 0.0401, test loss 0.0529
  seed 2 epoch 160/500: train acc 0.702, test acc 0.487, train loss 0.0343, test loss 0.0494
  seed 2 epoch 170/500: train acc 0.820, test acc 0.467, train loss 0.0276, test loss 0.0498
  seed 2 epoch 180/500: train acc 0.776, test acc 0.507, train loss 0.0266, test loss 0.0472
  seed 2 epoch 190/500: train acc 0.855, test acc 0.493, train loss 0.0226, test loss 0.0478
  seed 2 epoch 200/500: train acc 0.838, test acc 0.513, train loss 0.0251, test loss 0.0470
  seed 2 epoch 210/500: train acc 0.868, test acc 0.533, train loss 0.0213, test loss 0.0474
  seed 2 epoch 220/500: train acc 0.877, test acc 0.520, train loss 0.0180, test loss 0.0465
  seed 2 epoch 230/500: train acc 0.921, test acc 0.526, train loss 0.0141, test loss 0.0489
  seed 2 epoch 240/500: train acc 0.939, test acc 0.487, train loss 0.0138, test loss 0.0539
  seed 2 epoch 250/500: train acc 0.965, test acc 0.546, train loss 0.0121, test loss 0.0508
  seed 2 epoch 260/500: train acc 0.934, test acc 0.526, train loss 0.0113, test loss 0.0475
  seed 2 epoch 270/500: train acc 0.895, test acc 0.513, train loss 0.0190, test loss 0.0469
  seed 2 epoch 280/500: train acc 0.947, test acc 0.539, train loss 0.0135, test loss 0.0485
  seed 2 epoch 290/500: train acc 0.947, test acc 0.507, train loss 0.0110, test loss 0.0480
  seed 2 epoch 300/500: train acc 0.965, test acc 0.553, train loss 0.0093, test loss 0.0494
  seed 2 epoch 310/500: train acc 0.969, test acc 0.559, train loss 0.0091, test loss 0.0512
  seed 2 epoch 320/500: train acc 0.982, test acc 0.520, train loss 0.0079, test loss 0.0510
  seed 2 epoch 330/500: train acc 0.965, test acc 0.546, train loss 0.0087, test loss 0.0552
  seed 2 epoch 340/500: train acc 0.961, test acc 0.566, train loss 0.0116, test loss 0.0507
  seed 2 epoch 350/500: train acc 0.987, test acc 0.533, train loss 0.0061, test loss 0.0527
  seed 2 epoch 360/500: train acc 0.991, test acc 0.533, train loss 0.0052, test loss 0.0550
  seed 2 epoch 370/500: train acc 0.978, test acc 0.566, train loss 0.0065, test loss 0.0524
  seed 2 epoch 380/500: train acc 0.996, test acc 0.546, train loss 0.0050, test loss 0.0543
  seed 2 epoch 390/500: train acc 0.978, test acc 0.533, train loss 0.0047, test loss 0.0568
  seed 2 epoch 400/500: train acc 0.991, test acc 0.507, train loss 0.0040, test loss 0.0591
  seed 2 epoch 410/500: train acc 0.996, test acc 0.513, train loss 0.0035, test loss 0.0590
  seed 2 epoch 420/500: train acc 0.974, test acc 0.526, train loss 0.0057, test loss 0.0624
  seed 2 epoch 430/500: train acc 0.855, test acc 0.533, train loss 0.0148, test loss 0.0547
  seed 2 epoch 440/500: train acc 0.978, test acc 0.507, train loss 0.0062, test loss 0.0554
  seed 2 epoch 450/500: train acc 0.996, test acc 0.493, train loss 0.0040, test loss 0.0583
  seed 2 epoch 460/500: train acc 1.000, test acc 0.513, train loss 0.0031, test loss 0.0580
  seed 2 epoch 470/500: train acc 0.996, test acc 0.513, train loss 0.0027, test loss 0.0602
  seed 2 epoch 480/500: train acc 0.996, test acc 0.513, train loss 0.0026, test loss 0.0613
  seed 2 epoch 490/500: train acc 0.956, test acc 0.526, train loss 0.0087, test loss 0.0554
  seed 2 epoch 500/500: train acc 1.000, test acc 0.566, train loss 0.0029, test loss 0.0552
seed 2: max-over-epochs test acc 0.586 at epoch 287, final-epoch test acc 0.566, final train acc 1.000, params 45054, 57s
  seed 3 epoch  10/500: train acc 0.031, test acc 0.026, train loss 0.1278, test loss 0.1194
  seed 3 epoch  20/500: train acc 0.044, test acc 0.020, train loss 0.1249, test loss 0.1175
  seed 3 epoch  30/500: train acc 0.101, test acc 0.125, train loss 0.1201, test loss 0.1110
  seed 3 epoch  40/500: train acc 0.118, test acc 0.158, train loss 0.1083, test loss 0.1006
  seed 3 epoch  50/500: train acc 0.193, test acc 0.211, train loss 0.0980, test loss 0.0907
  seed 3 epoch  60/500: train acc 0.263, test acc 0.276, train loss 0.0867, test loss 0.0806
  seed 3 epoch  70/500: train acc 0.377, test acc 0.375, train loss 0.0736, test loss 0.0715
  seed 3 epoch  80/500: train acc 0.364, test acc 0.401, train loss 0.0680, test loss 0.0633
  seed 3 epoch  90/500: train acc 0.548, test acc 0.428, train loss 0.0562, test loss 0.0607
  seed 3 epoch 100/500: train acc 0.557, test acc 0.487, train loss 0.0514, test loss 0.0538
  seed 3 epoch 110/500: train acc 0.566, test acc 0.493, train loss 0.0481, test loss 0.0516
  seed 3 epoch 120/500: train acc 0.662, test acc 0.507, train loss 0.0404, test loss 0.0484
  seed 3 epoch 130/500: train acc 0.711, test acc 0.539, train loss 0.0357, test loss 0.0475
  seed 3 epoch 140/500: train acc 0.763, test acc 0.520, train loss 0.0330, test loss 0.0443
  seed 3 epoch 150/500: train acc 0.768, test acc 0.559, train loss 0.0284, test loss 0.0442
  seed 3 epoch 160/500: train acc 0.768, test acc 0.546, train loss 0.0288, test loss 0.0431
  seed 3 epoch 170/500: train acc 0.864, test acc 0.566, train loss 0.0213, test loss 0.0438
  seed 3 epoch 180/500: train acc 0.860, test acc 0.553, train loss 0.0220, test loss 0.0430
  seed 3 epoch 190/500: train acc 0.816, test acc 0.533, train loss 0.0227, test loss 0.0425
  seed 3 epoch 200/500: train acc 0.934, test acc 0.586, train loss 0.0170, test loss 0.0445
  seed 3 epoch 210/500: train acc 0.934, test acc 0.546, train loss 0.0138, test loss 0.0428
  seed 3 epoch 220/500: train acc 0.969, test acc 0.586, train loss 0.0111, test loss 0.0407
  seed 3 epoch 230/500: train acc 0.943, test acc 0.592, train loss 0.0119, test loss 0.0397
  seed 3 epoch 240/500: train acc 0.969, test acc 0.566, train loss 0.0090, test loss 0.0431
  seed 3 epoch 250/500: train acc 0.961, test acc 0.579, train loss 0.0089, test loss 0.0431
  seed 3 epoch 260/500: train acc 0.939, test acc 0.539, train loss 0.0123, test loss 0.0497
  seed 3 epoch 270/500: train acc 0.987, test acc 0.612, train loss 0.0070, test loss 0.0425
  seed 3 epoch 280/500: train acc 0.991, test acc 0.605, train loss 0.0064, test loss 0.0420
  seed 3 epoch 290/500: train acc 0.982, test acc 0.612, train loss 0.0075, test loss 0.0403
  seed 3 epoch 300/500: train acc 0.996, test acc 0.618, train loss 0.0053, test loss 0.0452
  seed 3 epoch 310/500: train acc 0.991, test acc 0.605, train loss 0.0050, test loss 0.0441
  seed 3 epoch 320/500: train acc 0.996, test acc 0.605, train loss 0.0047, test loss 0.0449
  seed 3 epoch 330/500: train acc 1.000, test acc 0.579, train loss 0.0040, test loss 0.0486
  seed 3 epoch 340/500: train acc 0.996, test acc 0.618, train loss 0.0049, test loss 0.0459
  seed 3 epoch 350/500: train acc 0.982, test acc 0.638, train loss 0.0046, test loss 0.0480
  seed 3 epoch 360/500: train acc 0.991, test acc 0.632, train loss 0.0042, test loss 0.0463
  seed 3 epoch 370/500: train acc 0.917, test acc 0.487, train loss 0.0100, test loss 0.0601
  seed 3 epoch 380/500: train acc 0.996, test acc 0.586, train loss 0.0039, test loss 0.0474
  seed 3 epoch 390/500: train acc 1.000, test acc 0.618, train loss 0.0035, test loss 0.0472
  seed 3 epoch 400/500: train acc 0.991, test acc 0.638, train loss 0.0030, test loss 0.0474
  seed 3 epoch 410/500: train acc 0.996, test acc 0.612, train loss 0.0026, test loss 0.0476
  seed 3 epoch 420/500: train acc 0.996, test acc 0.592, train loss 0.0029, test loss 0.0506
  seed 3 epoch 430/500: train acc 0.996, test acc 0.599, train loss 0.0026, test loss 0.0510
  seed 3 epoch 440/500: train acc 1.000, test acc 0.592, train loss 0.0026, test loss 0.0526
  seed 3 epoch 450/500: train acc 0.807, test acc 0.572, train loss 0.0250, test loss 0.0454
  seed 3 epoch 460/500: train acc 0.974, test acc 0.586, train loss 0.0059, test loss 0.0416
  seed 3 epoch 470/500: train acc 0.991, test acc 0.625, train loss 0.0052, test loss 0.0451
  seed 3 epoch 480/500: train acc 1.000, test acc 0.599, train loss 0.0035, test loss 0.0454
  seed 3 epoch 490/500: train acc 0.996, test acc 0.612, train loss 0.0028, test loss 0.0472
  seed 3 epoch 500/500: train acc 1.000, test acc 0.645, train loss 0.0030, test loss 0.0455
seed 3: max-over-epochs test acc 0.651 at epoch 385, final-epoch test acc 0.645, final train acc 1.000, params 45054, 56s
  seed 4 epoch  10/500: train acc 0.031, test acc 0.046, train loss 0.1272, test loss 0.1193
  seed 4 epoch  20/500: train acc 0.035, test acc 0.039, train loss 0.1254, test loss 0.1172
  seed 4 epoch  30/500: train acc 0.092, test acc 0.079, train loss 0.1161, test loss 0.1072
  seed 4 epoch  40/500: train acc 0.105, test acc 0.164, train loss 0.1063, test loss 0.0973
  seed 4 epoch  50/500: train acc 0.184, test acc 0.184, train loss 0.0998, test loss 0.0916
  seed 4 epoch  60/500: train acc 0.232, test acc 0.230, train loss 0.0934, test loss 0.0847
  seed 4 epoch  70/500: train acc 0.281, test acc 0.243, train loss 0.0861, test loss 0.0797
  seed 4 epoch  80/500: train acc 0.386, test acc 0.382, train loss 0.0766, test loss 0.0724
  seed 4 epoch  90/500: train acc 0.456, test acc 0.362, train loss 0.0653, test loss 0.0669
  seed 4 epoch 100/500: train acc 0.513, test acc 0.408, train loss 0.0595, test loss 0.0619
  seed 4 epoch 110/500: train acc 0.588, test acc 0.428, train loss 0.0520, test loss 0.0569
  seed 4 epoch 120/500: train acc 0.658, test acc 0.454, train loss 0.0460, test loss 0.0554
  seed 4 epoch 130/500: train acc 0.658, test acc 0.454, train loss 0.0501, test loss 0.0543
  seed 4 epoch 140/500: train acc 0.759, test acc 0.520, train loss 0.0313, test loss 0.0483
  seed 4 epoch 150/500: train acc 0.829, test acc 0.526, train loss 0.0279, test loss 0.0492
  seed 4 epoch 160/500: train acc 0.851, test acc 0.533, train loss 0.0238, test loss 0.0452
  seed 4 epoch 170/500: train acc 0.842, test acc 0.526, train loss 0.0262, test loss 0.0458
  seed 4 epoch 180/500: train acc 0.864, test acc 0.520, train loss 0.0204, test loss 0.0471
  seed 4 epoch 190/500: train acc 0.925, test acc 0.559, train loss 0.0173, test loss 0.0465
  seed 4 epoch 200/500: train acc 0.947, test acc 0.553, train loss 0.0146, test loss 0.0465
  seed 4 epoch 210/500: train acc 0.956, test acc 0.553, train loss 0.0121, test loss 0.0492
  seed 4 epoch 220/500: train acc 0.930, test acc 0.546, train loss 0.0138, test loss 0.0472
  seed 4 epoch 230/500: train acc 0.952, test acc 0.546, train loss 0.0105, test loss 0.0460
  seed 4 epoch 240/500: train acc 0.715, test acc 0.434, train loss 0.0332, test loss 0.0577
  seed 4 epoch 250/500: train acc 0.943, test acc 0.566, train loss 0.0125, test loss 0.0445
  seed 4 epoch 260/500: train acc 0.987, test acc 0.546, train loss 0.0097, test loss 0.0465
  seed 4 epoch 270/500: train acc 0.965, test acc 0.539, train loss 0.0089, test loss 0.0499
  seed 4 epoch 280/500: train acc 0.974, test acc 0.586, train loss 0.0076, test loss 0.0480
  seed 4 epoch 290/500: train acc 0.996, test acc 0.572, train loss 0.0055, test loss 0.0476
  seed 4 epoch 300/500: train acc 0.996, test acc 0.546, train loss 0.0051, test loss 0.0504
  seed 4 epoch 310/500: train acc 1.000, test acc 0.572, train loss 0.0046, test loss 0.0512
  seed 4 epoch 320/500: train acc 0.987, test acc 0.579, train loss 0.0053, test loss 0.0501
  seed 4 epoch 330/500: train acc 0.965, test acc 0.526, train loss 0.0075, test loss 0.0487
  seed 4 epoch 340/500: train acc 0.996, test acc 0.566, train loss 0.0044, test loss 0.0501
  seed 4 epoch 350/500: train acc 1.000, test acc 0.579, train loss 0.0042, test loss 0.0505
  seed 4 epoch 360/500: train acc 0.996, test acc 0.566, train loss 0.0042, test loss 0.0505
  seed 4 epoch 370/500: train acc 1.000, test acc 0.559, train loss 0.0034, test loss 0.0536
  seed 4 epoch 380/500: train acc 1.000, test acc 0.559, train loss 0.0032, test loss 0.0543
  seed 4 epoch 390/500: train acc 0.996, test acc 0.566, train loss 0.0026, test loss 0.0551
  seed 4 epoch 400/500: train acc 1.000, test acc 0.533, train loss 0.0035, test loss 0.0548
  seed 4 epoch 410/500: train acc 0.838, test acc 0.553, train loss 0.0208, test loss 0.0542
  seed 4 epoch 420/500: train acc 0.991, test acc 0.566, train loss 0.0042, test loss 0.0482
  seed 4 epoch 430/500: train acc 1.000, test acc 0.592, train loss 0.0031, test loss 0.0476
  seed 4 epoch 440/500: train acc 1.000, test acc 0.605, train loss 0.0032, test loss 0.0495
  seed 4 epoch 450/500: train acc 1.000, test acc 0.526, train loss 0.0034, test loss 0.0556
  seed 4 epoch 460/500: train acc 1.000, test acc 0.579, train loss 0.0022, test loss 0.0511
  seed 4 epoch 470/500: train acc 1.000, test acc 0.572, train loss 0.0030, test loss 0.0514
  seed 4 epoch 480/500: train acc 1.000, test acc 0.572, train loss 0.0025, test loss 0.0515
  seed 4 epoch 490/500: train acc 0.991, test acc 0.566, train loss 0.0020, test loss 0.0507
  seed 4 epoch 500/500: train acc 0.996, test acc 0.553, train loss 0.0023, test loss 0.0542
seed 4: max-over-epochs test acc 0.638 at epoch 335, final-epoch test acc 0.553, final train acc 0.996, params 45054, 57s
  seed 5 epoch  10/500: train acc 0.053, test acc 0.066, train loss 0.1273, test loss 0.1185
  seed 5 epoch  20/500: train acc 0.039, test acc 0.092, train loss 0.1249, test loss 0.1160
  seed 5 epoch  30/500: train acc 0.110, test acc 0.099, train loss 0.1143, test loss 0.1057
  seed 5 epoch  40/500: train acc 0.105, test acc 0.184, train loss 0.1041, test loss 0.0970
  seed 5 epoch  50/500: train acc 0.202, test acc 0.230, train loss 0.0941, test loss 0.0875
  seed 5 epoch  60/500: train acc 0.329, test acc 0.250, train loss 0.0798, test loss 0.0811
  seed 5 epoch  70/500: train acc 0.329, test acc 0.368, train loss 0.0774, test loss 0.0758
  seed 5 epoch  80/500: train acc 0.443, test acc 0.342, train loss 0.0641, test loss 0.0731
  seed 5 epoch  90/500: train acc 0.544, test acc 0.434, train loss 0.0581, test loss 0.0647
  seed 5 epoch 100/500: train acc 0.596, test acc 0.493, train loss 0.0523, test loss 0.0591
  seed 5 epoch 110/500: train acc 0.649, test acc 0.480, train loss 0.0503, test loss 0.0559
  seed 5 epoch 120/500: train acc 0.645, test acc 0.474, train loss 0.0421, test loss 0.0546
  seed 5 epoch 130/500: train acc 0.724, test acc 0.507, train loss 0.0394, test loss 0.0534
  seed 5 epoch 140/500: train acc 0.750, test acc 0.526, train loss 0.0335, test loss 0.0527
  seed 5 epoch 150/500: train acc 0.794, test acc 0.467, train loss 0.0318, test loss 0.0537
  seed 5 epoch 160/500: train acc 0.807, test acc 0.428, train loss 0.0271, test loss 0.0547
  seed 5 epoch 170/500: train acc 0.851, test acc 0.520, train loss 0.0222, test loss 0.0525
  seed 5 epoch 180/500: train acc 0.886, test acc 0.480, train loss 0.0204, test loss 0.0557
  seed 5 epoch 190/500: train acc 0.912, test acc 0.480, train loss 0.0184, test loss 0.0519
  seed 5 epoch 200/500: train acc 0.886, test acc 0.520, train loss 0.0194, test loss 0.0535
  seed 5 epoch 210/500: train acc 0.860, test acc 0.487, train loss 0.0216, test loss 0.0516
  seed 5 epoch 220/500: train acc 0.930, test acc 0.513, train loss 0.0145, test loss 0.0505
  seed 5 epoch 230/500: train acc 0.939, test acc 0.507, train loss 0.0140, test loss 0.0537
  seed 5 epoch 240/500: train acc 0.610, test acc 0.401, train loss 0.0495, test loss 0.0635
  seed 5 epoch 250/500: train acc 0.925, test acc 0.520, train loss 0.0162, test loss 0.0505
  seed 5 epoch 260/500: train acc 0.943, test acc 0.526, train loss 0.0149, test loss 0.0521
  seed 5 epoch 270/500: train acc 0.969, test acc 0.500, train loss 0.0096, test loss 0.0535
  seed 5 epoch 280/500: train acc 0.961, test acc 0.493, train loss 0.0092, test loss 0.0553
  seed 5 epoch 290/500: train acc 0.978, test acc 0.520, train loss 0.0089, test loss 0.0537
  seed 5 epoch 300/500: train acc 0.978, test acc 0.520, train loss 0.0074, test loss 0.0545
  seed 5 epoch 310/500: train acc 0.991, test acc 0.493, train loss 0.0074, test loss 0.0554
  seed 5 epoch 320/500: train acc 0.991, test acc 0.513, train loss 0.0058, test loss 0.0562
  seed 5 epoch 330/500: train acc 0.991, test acc 0.474, train loss 0.0056, test loss 0.0578
  seed 5 epoch 340/500: train acc 0.965, test acc 0.500, train loss 0.0074, test loss 0.0596
  seed 5 epoch 350/500: train acc 1.000, test acc 0.520, train loss 0.0048, test loss 0.0569
  seed 5 epoch 360/500: train acc 1.000, test acc 0.507, train loss 0.0040, test loss 0.0565
  seed 5 epoch 370/500: train acc 0.996, test acc 0.507, train loss 0.0035, test loss 0.0570
  seed 5 epoch 380/500: train acc 0.996, test acc 0.520, train loss 0.0047, test loss 0.0586
  seed 5 epoch 390/500: train acc 0.917, test acc 0.480, train loss 0.0131, test loss 0.0658
  seed 5 epoch 400/500: train acc 0.982, test acc 0.526, train loss 0.0054, test loss 0.0577
  seed 5 epoch 410/500: train acc 1.000, test acc 0.546, train loss 0.0034, test loss 0.0573
  seed 5 epoch 420/500: train acc 1.000, test acc 0.500, train loss 0.0027, test loss 0.0587
  seed 5 epoch 430/500: train acc 0.996, test acc 0.546, train loss 0.0028, test loss 0.0574
  seed 5 epoch 440/500: train acc 1.000, test acc 0.487, train loss 0.0028, test loss 0.0596
  seed 5 epoch 450/500: train acc 1.000, test acc 0.533, train loss 0.0031, test loss 0.0588
  seed 5 epoch 460/500: train acc 1.000, test acc 0.493, train loss 0.0031, test loss 0.0610
  seed 5 epoch 470/500: train acc 1.000, test acc 0.500, train loss 0.0021, test loss 0.0605
  seed 5 epoch 480/500: train acc 0.934, test acc 0.526, train loss 0.0092, test loss 0.0551
  seed 5 epoch 490/500: train acc 1.000, test acc 0.507, train loss 0.0038, test loss 0.0537
  seed 5 epoch 500/500: train acc 1.000, test acc 0.533, train loss 0.0033, test loss 0.0563
seed 5: max-over-epochs test acc 0.566 at epoch 399, final-epoch test acc 0.533, final train acc 1.000, params 45054, 58s
  seed 6 epoch  10/500: train acc 0.035, test acc 0.026, train loss 0.1265, test loss 0.1183
  seed 6 epoch  20/500: train acc 0.088, test acc 0.066, train loss 0.1218, test loss 0.1139
  seed 6 epoch  30/500: train acc 0.070, test acc 0.092, train loss 0.1103, test loss 0.1036
  seed 6 epoch  40/500: train acc 0.136, test acc 0.118, train loss 0.1024, test loss 0.0982
  seed 6 epoch  50/500: train acc 0.237, test acc 0.191, train loss 0.0948, test loss 0.0884
  seed 6 epoch  60/500: train acc 0.281, test acc 0.303, train loss 0.0846, test loss 0.0784
  seed 6 epoch  70/500: train acc 0.333, test acc 0.322, train loss 0.0768, test loss 0.0748
  seed 6 epoch  80/500: train acc 0.386, test acc 0.388, train loss 0.0713, test loss 0.0689
  seed 6 epoch  90/500: train acc 0.461, test acc 0.362, train loss 0.0654, test loss 0.0685
  seed 6 epoch 100/500: train acc 0.522, test acc 0.493, train loss 0.0535, test loss 0.0593
  seed 6 epoch 110/500: train acc 0.518, test acc 0.447, train loss 0.0570, test loss 0.0621
  seed 6 epoch 120/500: train acc 0.680, test acc 0.500, train loss 0.0444, test loss 0.0534
  seed 6 epoch 130/500: train acc 0.675, test acc 0.487, train loss 0.0389, test loss 0.0542
  seed 6 epoch 140/500: train acc 0.741, test acc 0.513, train loss 0.0340, test loss 0.0515
  seed 6 epoch 150/500: train acc 0.732, test acc 0.513, train loss 0.0383, test loss 0.0536
  seed 6 epoch 160/500: train acc 0.833, test acc 0.526, train loss 0.0264, test loss 0.0497
  seed 6 epoch 170/500: train acc 0.842, test acc 0.500, train loss 0.0253, test loss 0.0486
  seed 6 epoch 180/500: train acc 0.882, test acc 0.500, train loss 0.0229, test loss 0.0520
  seed 6 epoch 190/500: train acc 0.829, test acc 0.454, train loss 0.0241, test loss 0.0567
  seed 6 epoch 200/500: train acc 0.877, test acc 0.520, train loss 0.0211, test loss 0.0497
  seed 6 epoch 210/500: train acc 0.908, test acc 0.546, train loss 0.0156, test loss 0.0486
  seed 6 epoch 220/500: train acc 0.961, test acc 0.533, train loss 0.0143, test loss 0.0512
  seed 6 epoch 230/500: train acc 0.956, test acc 0.513, train loss 0.0137, test loss 0.0507
  seed 6 epoch 240/500: train acc 0.965, test acc 0.493, train loss 0.0110, test loss 0.0507
  seed 6 epoch 250/500: train acc 0.917, test acc 0.539, train loss 0.0121, test loss 0.0537
  seed 6 epoch 260/500: train acc 0.711, test acc 0.467, train loss 0.0337, test loss 0.0600
  seed 6 epoch 270/500: train acc 0.982, test acc 0.513, train loss 0.0092, test loss 0.0545
  seed 6 epoch 280/500: train acc 0.965, test acc 0.539, train loss 0.0092, test loss 0.0550
  seed 6 epoch 290/500: train acc 0.987, test acc 0.526, train loss 0.0065, test loss 0.0542
  seed 6 epoch 300/500: train acc 0.987, test acc 0.520, train loss 0.0058, test loss 0.0557
  seed 6 epoch 310/500: train acc 0.991, test acc 0.487, train loss 0.0064, test loss 0.0568
  seed 6 epoch 320/500: train acc 0.996, test acc 0.487, train loss 0.0053, test loss 0.0579
  seed 6 epoch 330/500: train acc 0.996, test acc 0.480, train loss 0.0054, test loss 0.0563
  seed 6 epoch 340/500: train acc 0.996, test acc 0.487, train loss 0.0062, test loss 0.0581
  seed 6 epoch 350/500: train acc 1.000, test acc 0.493, train loss 0.0045, test loss 0.0575
  seed 6 epoch 360/500: train acc 0.987, test acc 0.474, train loss 0.0050, test loss 0.0628
  seed 6 epoch 370/500: train acc 0.996, test acc 0.493, train loss 0.0039, test loss 0.0631
  seed 6 epoch 380/500: train acc 0.996, test acc 0.500, train loss 0.0044, test loss 0.0616
  seed 6 epoch 390/500: train acc 1.000, test acc 0.500, train loss 0.0041, test loss 0.0648
  seed 6 epoch 400/500: train acc 0.912, test acc 0.428, train loss 0.0115, test loss 0.0704
  seed 6 epoch 410/500: train acc 0.991, test acc 0.539, train loss 0.0047, test loss 0.0550
  seed 6 epoch 420/500: train acc 0.996, test acc 0.520, train loss 0.0029, test loss 0.0597
  seed 6 epoch 430/500: train acc 1.000, test acc 0.533, train loss 0.0024, test loss 0.0612
  seed 6 epoch 440/500: train acc 0.987, test acc 0.513, train loss 0.0045, test loss 0.0604
  seed 6 epoch 450/500: train acc 0.991, test acc 0.493, train loss 0.0029, test loss 0.0653
  seed 6 epoch 460/500: train acc 1.000, test acc 0.500, train loss 0.0021, test loss 0.0634
  seed 6 epoch 470/500: train acc 0.996, test acc 0.539, train loss 0.0023, test loss 0.0650
  seed 6 epoch 480/500: train acc 1.000, test acc 0.520, train loss 0.0021, test loss 0.0663
  seed 6 epoch 490/500: train acc 0.952, test acc 0.513, train loss 0.0068, test loss 0.0611
  seed 6 epoch 500/500: train acc 0.987, test acc 0.493, train loss 0.0047, test loss 0.0651
seed 6: max-over-epochs test acc 0.566 at epoch 238, final-epoch test acc 0.493, final train acc 0.987, params 45054, 57s
  seed 7 epoch  10/500: train acc 0.031, test acc 0.066, train loss 0.1265, test loss 0.1182
  seed 7 epoch  20/500: train acc 0.088, test acc 0.059, train loss 0.1230, test loss 0.1154
  seed 7 epoch  30/500: train acc 0.088, test acc 0.099, train loss 0.1118, test loss 0.1040
  seed 7 epoch  40/500: train acc 0.140, test acc 0.145, train loss 0.1024, test loss 0.0963
  seed 7 epoch  50/500: train acc 0.211, test acc 0.145, train loss 0.0956, test loss 0.0926
  seed 7 epoch  60/500: train acc 0.180, test acc 0.263, train loss 0.0906, test loss 0.0820
  seed 7 epoch  70/500: train acc 0.346, test acc 0.375, train loss 0.0773, test loss 0.0735
  seed 7 epoch  80/500: train acc 0.434, test acc 0.421, train loss 0.0678, test loss 0.0653
  seed 7 epoch  90/500: train acc 0.509, test acc 0.461, train loss 0.0588, test loss 0.0601
  seed 7 epoch 100/500: train acc 0.601, test acc 0.500, train loss 0.0480, test loss 0.0551
  seed 7 epoch 110/500: train acc 0.632, test acc 0.526, train loss 0.0412, test loss 0.0518
  seed 7 epoch 120/500: train acc 0.763, test acc 0.526, train loss 0.0380, test loss 0.0486
  seed 7 epoch 130/500: train acc 0.785, test acc 0.553, train loss 0.0359, test loss 0.0465
  seed 7 epoch 140/500: train acc 0.772, test acc 0.566, train loss 0.0322, test loss 0.0437
  seed 7 epoch 150/500: train acc 0.807, test acc 0.539, train loss 0.0274, test loss 0.0427
  seed 7 epoch 160/500: train acc 0.868, test acc 0.579, train loss 0.0224, test loss 0.0413
  seed 7 epoch 170/500: train acc 0.912, test acc 0.566, train loss 0.0178, test loss 0.0405
  seed 7 epoch 180/500: train acc 0.789, test acc 0.579, train loss 0.0272, test loss 0.0427
  seed 7 epoch 190/500: train acc 0.829, test acc 0.605, train loss 0.0200, test loss 0.0396
  seed 7 epoch 200/500: train acc 0.947, test acc 0.599, train loss 0.0152, test loss 0.0397
  seed 7 epoch 210/500: train acc 0.925, test acc 0.579, train loss 0.0145, test loss 0.0422
  seed 7 epoch 220/500: train acc 0.961, test acc 0.539, train loss 0.0112, test loss 0.0435
  seed 7 epoch 230/500: train acc 0.961, test acc 0.559, train loss 0.0113, test loss 0.0446
  seed 7 epoch 240/500: train acc 0.969, test acc 0.586, train loss 0.0083, test loss 0.0414
  seed 7 epoch 250/500: train acc 0.974, test acc 0.586, train loss 0.0082, test loss 0.0397
  seed 7 epoch 260/500: train acc 0.969, test acc 0.592, train loss 0.0089, test loss 0.0447
  seed 7 epoch 270/500: train acc 0.982, test acc 0.612, train loss 0.0078, test loss 0.0428
  seed 7 epoch 280/500: train acc 0.996, test acc 0.572, train loss 0.0065, test loss 0.0424
  seed 7 epoch 290/500: train acc 0.996, test acc 0.625, train loss 0.0057, test loss 0.0418
  seed 7 epoch 300/500: train acc 0.969, test acc 0.579, train loss 0.0076, test loss 0.0446
  seed 7 epoch 310/500: train acc 0.987, test acc 0.632, train loss 0.0071, test loss 0.0417
  seed 7 epoch 320/500: train acc 0.996, test acc 0.586, train loss 0.0046, test loss 0.0421
  seed 7 epoch 330/500: train acc 0.978, test acc 0.586, train loss 0.0064, test loss 0.0427
  seed 7 epoch 340/500: train acc 0.991, test acc 0.579, train loss 0.0048, test loss 0.0449
  seed 7 epoch 350/500: train acc 1.000, test acc 0.586, train loss 0.0051, test loss 0.0453
  seed 7 epoch 360/500: train acc 1.000, test acc 0.572, train loss 0.0032, test loss 0.0447
  seed 7 epoch 370/500: train acc 1.000, test acc 0.618, train loss 0.0034, test loss 0.0456
  seed 7 epoch 380/500: train acc 1.000, test acc 0.612, train loss 0.0032, test loss 0.0466
  seed 7 epoch 390/500: train acc 1.000, test acc 0.592, train loss 0.0026, test loss 0.0475
  seed 7 epoch 400/500: train acc 0.825, test acc 0.493, train loss 0.0203, test loss 0.0648
  seed 7 epoch 410/500: train acc 0.961, test acc 0.625, train loss 0.0073, test loss 0.0408
  seed 7 epoch 420/500: train acc 0.991, test acc 0.618, train loss 0.0035, test loss 0.0423
  seed 7 epoch 430/500: train acc 0.996, test acc 0.618, train loss 0.0027, test loss 0.0409
  seed 7 epoch 440/500: train acc 0.996, test acc 0.599, train loss 0.0028, test loss 0.0429
  seed 7 epoch 450/500: train acc 1.000, test acc 0.638, train loss 0.0026, test loss 0.0415
  seed 7 epoch 460/500: train acc 1.000, test acc 0.651, train loss 0.0026, test loss 0.0417
  seed 7 epoch 470/500: train acc 0.991, test acc 0.612, train loss 0.0025, test loss 0.0427
  seed 7 epoch 480/500: train acc 0.996, test acc 0.599, train loss 0.0024, test loss 0.0444
  seed 7 epoch 490/500: train acc 1.000, test acc 0.618, train loss 0.0022, test loss 0.0448
  seed 7 epoch 500/500: train acc 0.952, test acc 0.599, train loss 0.0074, test loss 0.0540
seed 7: max-over-epochs test acc 0.658 at epoch 495, final-epoch test acc 0.599, final train acc 0.952, params 45054, 58s
  seed 8 epoch  10/500: train acc 0.031, test acc 0.033, train loss 0.1280, test loss 0.1186
  seed 8 epoch  20/500: train acc 0.061, test acc 0.105, train loss 0.1247, test loss 0.1162
  seed 8 epoch  30/500: train acc 0.075, test acc 0.086, train loss 0.1138, test loss 0.1066
  seed 8 epoch  40/500: train acc 0.127, test acc 0.151, train loss 0.1037, test loss 0.0991
  seed 8 epoch  50/500: train acc 0.162, test acc 0.184, train loss 0.0979, test loss 0.0914
  seed 8 epoch  60/500: train acc 0.276, test acc 0.296, train loss 0.0856, test loss 0.0809
  seed 8 epoch  70/500: train acc 0.360, test acc 0.368, train loss 0.0761, test loss 0.0746
  seed 8 epoch  80/500: train acc 0.465, test acc 0.454, train loss 0.0650, test loss 0.0677
  seed 8 epoch  90/500: train acc 0.522, test acc 0.434, train loss 0.0598, test loss 0.0629
  seed 8 epoch 100/500: train acc 0.592, test acc 0.474, train loss 0.0506, test loss 0.0595
  seed 8 epoch 110/500: train acc 0.684, test acc 0.474, train loss 0.0443, test loss 0.0548
  seed 8 epoch 120/500: train acc 0.732, test acc 0.520, train loss 0.0391, test loss 0.0530
  seed 8 epoch 130/500: train acc 0.737, test acc 0.507, train loss 0.0327, test loss 0.0499
  seed 8 epoch 140/500: train acc 0.816, test acc 0.487, train loss 0.0299, test loss 0.0506
  seed 8 epoch 150/500: train acc 0.803, test acc 0.507, train loss 0.0297, test loss 0.0502
  seed 8 epoch 160/500: train acc 0.855, test acc 0.454, train loss 0.0256, test loss 0.0509
  seed 8 epoch 170/500: train acc 0.868, test acc 0.533, train loss 0.0243, test loss 0.0502
  seed 8 epoch 180/500: train acc 0.930, test acc 0.526, train loss 0.0184, test loss 0.0471
  seed 8 epoch 190/500: train acc 0.961, test acc 0.507, train loss 0.0156, test loss 0.0483
  seed 8 epoch 200/500: train acc 0.930, test acc 0.493, train loss 0.0161, test loss 0.0517
  seed 8 epoch 210/500: train acc 0.952, test acc 0.467, train loss 0.0136, test loss 0.0494
  seed 8 epoch 220/500: train acc 0.982, test acc 0.520, train loss 0.0109, test loss 0.0505
  seed 8 epoch 230/500: train acc 0.987, test acc 0.533, train loss 0.0098, test loss 0.0507
  seed 8 epoch 240/500: train acc 0.969, test acc 0.507, train loss 0.0082, test loss 0.0528
  seed 8 epoch 250/500: train acc 0.794, test acc 0.539, train loss 0.0283, test loss 0.0501
  seed 8 epoch 260/500: train acc 0.974, test acc 0.539, train loss 0.0093, test loss 0.0466
  seed 8 epoch 270/500: train acc 0.974, test acc 0.546, train loss 0.0067, test loss 0.0507
  seed 8 epoch 280/500: train acc 0.996, test acc 0.526, train loss 0.0064, test loss 0.0532
  seed 8 epoch 290/500: train acc 1.000, test acc 0.513, train loss 0.0056, test loss 0.0530
  seed 8 epoch 300/500: train acc 0.987, test acc 0.539, train loss 0.0052, test loss 0.0543
  seed 8 epoch 310/500: train acc 0.996, test acc 0.500, train loss 0.0048, test loss 0.0598
  seed 8 epoch 320/500: train acc 1.000, test acc 0.533, train loss 0.0041, test loss 0.0573
  seed 8 epoch 330/500: train acc 1.000, test acc 0.526, train loss 0.0042, test loss 0.0577
  seed 8 epoch 340/500: train acc 0.864, test acc 0.454, train loss 0.0173, test loss 0.0590
  seed 8 epoch 350/500: train acc 1.000, test acc 0.539, train loss 0.0039, test loss 0.0534
  seed 8 epoch 360/500: train acc 1.000, test acc 0.526, train loss 0.0039, test loss 0.0558
  seed 8 epoch 370/500: train acc 1.000, test acc 0.507, train loss 0.0032, test loss 0.0582
  seed 8 epoch 380/500: train acc 0.969, test acc 0.520, train loss 0.0062, test loss 0.0588
  seed 8 epoch 390/500: train acc 1.000, test acc 0.533, train loss 0.0028, test loss 0.0594
  seed 8 epoch 400/500: train acc 1.000, test acc 0.520, train loss 0.0030, test loss 0.0633
  seed 8 epoch 410/500: train acc 0.961, test acc 0.533, train loss 0.0072, test loss 0.0588
  seed 8 epoch 420/500: train acc 0.996, test acc 0.533, train loss 0.0031, test loss 0.0561
  seed 8 epoch 430/500: train acc 1.000, test acc 0.559, train loss 0.0025, test loss 0.0568
  seed 8 epoch 440/500: train acc 0.996, test acc 0.539, train loss 0.0036, test loss 0.0577
  seed 8 epoch 450/500: train acc 0.996, test acc 0.546, train loss 0.0022, test loss 0.0583
  seed 8 epoch 460/500: train acc 1.000, test acc 0.513, train loss 0.0023, test loss 0.0597
  seed 8 epoch 470/500: train acc 1.000, test acc 0.520, train loss 0.0022, test loss 0.0635
  seed 8 epoch 480/500: train acc 0.917, test acc 0.520, train loss 0.0114, test loss 0.0606
  seed 8 epoch 490/500: train acc 0.965, test acc 0.500, train loss 0.0067, test loss 0.0620
  seed 8 epoch 500/500: train acc 0.996, test acc 0.533, train loss 0.0038, test loss 0.0545
seed 8: max-over-epochs test acc 0.579 at epoch 252, final-epoch test acc 0.533, final train acc 0.996, params 45054, 55s
  seed 9 epoch  10/500: train acc 0.035, test acc 0.059, train loss 0.1260, test loss 0.1189
  seed 9 epoch  20/500: train acc 0.061, test acc 0.053, train loss 0.1232, test loss 0.1161
  seed 9 epoch  30/500: train acc 0.145, test acc 0.118, train loss 0.1146, test loss 0.1065
  seed 9 epoch  40/500: train acc 0.158, test acc 0.118, train loss 0.1059, test loss 0.0961
  seed 9 epoch  50/500: train acc 0.158, test acc 0.224, train loss 0.0946, test loss 0.0883
  seed 9 epoch  60/500: train acc 0.232, test acc 0.250, train loss 0.0875, test loss 0.0836
  seed 9 epoch  70/500: train acc 0.364, test acc 0.263, train loss 0.0755, test loss 0.0775
  seed 9 epoch  80/500: train acc 0.382, test acc 0.388, train loss 0.0682, test loss 0.0676
  seed 9 epoch  90/500: train acc 0.443, test acc 0.414, train loss 0.0606, test loss 0.0626
  seed 9 epoch 100/500: train acc 0.553, test acc 0.447, train loss 0.0533, test loss 0.0603
  seed 9 epoch 110/500: train acc 0.605, test acc 0.474, train loss 0.0473, test loss 0.0566
  seed 9 epoch 120/500: train acc 0.680, test acc 0.480, train loss 0.0443, test loss 0.0531
  seed 9 epoch 130/500: train acc 0.732, test acc 0.454, train loss 0.0382, test loss 0.0517
  seed 9 epoch 140/500: train acc 0.706, test acc 0.441, train loss 0.0370, test loss 0.0524
  seed 9 epoch 150/500: train acc 0.811, test acc 0.447, train loss 0.0276, test loss 0.0523
  seed 9 epoch 160/500: train acc 0.820, test acc 0.474, train loss 0.0277, test loss 0.0527
  seed 9 epoch 170/500: train acc 0.851, test acc 0.513, train loss 0.0227, test loss 0.0505
  seed 9 epoch 180/500: train acc 0.925, test acc 0.487, train loss 0.0203, test loss 0.0503
  seed 9 epoch 190/500: train acc 0.873, test acc 0.493, train loss 0.0197, test loss 0.0490
  seed 9 epoch 200/500: train acc 0.882, test acc 0.513, train loss 0.0166, test loss 0.0498
  seed 9 epoch 210/500: train acc 0.952, test acc 0.513, train loss 0.0133, test loss 0.0511
  seed 9 epoch 220/500: train acc 0.934, test acc 0.480, train loss 0.0136, test loss 0.0521
  seed 9 epoch 230/500: train acc 0.961, test acc 0.520, train loss 0.0119, test loss 0.0524
  seed 9 epoch 240/500: train acc 0.851, test acc 0.421, train loss 0.0191, test loss 0.0593
  seed 9 epoch 250/500: train acc 0.974, test acc 0.493, train loss 0.0103, test loss 0.0534
  seed 9 epoch 260/500: train acc 0.982, test acc 0.500, train loss 0.0077, test loss 0.0540
  seed 9 epoch 270/500: train acc 0.961, test acc 0.539, train loss 0.0100, test loss 0.0535
  seed 9 epoch 280/500: train acc 0.991, test acc 0.507, train loss 0.0070, test loss 0.0544
  seed 9 epoch 290/500: train acc 0.982, test acc 0.493, train loss 0.0061, test loss 0.0561
  seed 9 epoch 300/500: train acc 0.982, test acc 0.447, train loss 0.0062, test loss 0.0600
  seed 9 epoch 310/500: train acc 0.991, test acc 0.493, train loss 0.0048, test loss 0.0574
  seed 9 epoch 320/500: train acc 0.816, test acc 0.487, train loss 0.0206, test loss 0.0583
  seed 9 epoch 330/500: train acc 0.996, test acc 0.526, train loss 0.0057, test loss 0.0540
  seed 9 epoch 340/500: train acc 0.908, test acc 0.487, train loss 0.0107, test loss 0.0563
  seed 9 epoch 350/500: train acc 0.969, test acc 0.520, train loss 0.0079, test loss 0.0495
  seed 9 epoch 360/500: train acc 0.987, test acc 0.507, train loss 0.0045, test loss 0.0569
  seed 9 epoch 370/500: train acc 0.987, test acc 0.553, train loss 0.0043, test loss 0.0577
  seed 9 epoch 380/500: train acc 1.000, test acc 0.513, train loss 0.0038, test loss 0.0598
  seed 9 epoch 390/500: train acc 1.000, test acc 0.526, train loss 0.0034, test loss 0.0600
  seed 9 epoch 400/500: train acc 1.000, test acc 0.513, train loss 0.0027, test loss 0.0607
  seed 9 epoch 410/500: train acc 1.000, test acc 0.513, train loss 0.0031, test loss 0.0633
  seed 9 epoch 420/500: train acc 1.000, test acc 0.507, train loss 0.0027, test loss 0.0627
  seed 9 epoch 430/500: train acc 1.000, test acc 0.500, train loss 0.0026, test loss 0.0628
  seed 9 epoch 440/500: train acc 1.000, test acc 0.520, train loss 0.0033, test loss 0.0649
  seed 9 epoch 450/500: train acc 1.000, test acc 0.493, train loss 0.0024, test loss 0.0624
  seed 9 epoch 460/500: train acc 1.000, test acc 0.526, train loss 0.0022, test loss 0.0654
  seed 9 epoch 470/500: train acc 0.982, test acc 0.546, train loss 0.0055, test loss 0.0609
  seed 9 epoch 480/500: train acc 0.991, test acc 0.526, train loss 0.0051, test loss 0.0574
  seed 9 epoch 490/500: train acc 1.000, test acc 0.546, train loss 0.0024, test loss 0.0614
  seed 9 epoch 500/500: train acc 1.000, test acc 0.533, train loss 0.0022, test loss 0.0634
seed 9: max-over-epochs test acc 0.579 at epoch 481, final-epoch test acc 0.533, final train acc 1.000, params 45054, 55s
--> allPhonemes_Voiced: max-over-epochs 0.598 ± 0.043, final epoch 0.547 ± 0.051, best epoch median 311 (range 184-495)
=== allPhonemes_Unvoiced: train (228, 22, 7500), test (152, 22, 7500)
  seed 0 epoch  10/500: train acc 0.048, test acc 0.059, train loss 0.1274, test loss 0.1189
  seed 0 epoch  20/500: train acc 0.053, test acc 0.086, train loss 0.1244, test loss 0.1169
  seed 0 epoch  30/500: train acc 0.114, test acc 0.125, train loss 0.1147, test loss 0.1081
  seed 0 epoch  40/500: train acc 0.215, test acc 0.263, train loss 0.0967, test loss 0.0902
  seed 0 epoch  50/500: train acc 0.276, test acc 0.263, train loss 0.0814, test loss 0.0787
  seed 0 epoch  60/500: train acc 0.342, test acc 0.263, train loss 0.0716, test loss 0.0728
  seed 0 epoch  70/500: train acc 0.404, test acc 0.421, train loss 0.0622, test loss 0.0618
  seed 0 epoch  80/500: train acc 0.439, test acc 0.401, train loss 0.0575, test loss 0.0610
  seed 0 epoch  90/500: train acc 0.561, test acc 0.408, train loss 0.0463, test loss 0.0546
  seed 0 epoch 100/500: train acc 0.583, test acc 0.434, train loss 0.0453, test loss 0.0532
  seed 0 epoch 110/500: train acc 0.675, test acc 0.428, train loss 0.0375, test loss 0.0488
  seed 0 epoch 120/500: train acc 0.728, test acc 0.447, train loss 0.0367, test loss 0.0469
  seed 0 epoch 130/500: train acc 0.689, test acc 0.493, train loss 0.0342, test loss 0.0501
  seed 0 epoch 140/500: train acc 0.781, test acc 0.454, train loss 0.0287, test loss 0.0482
  seed 0 epoch 150/500: train acc 0.754, test acc 0.513, train loss 0.0286, test loss 0.0460
  seed 0 epoch 160/500: train acc 0.842, test acc 0.507, train loss 0.0224, test loss 0.0475
  seed 0 epoch 170/500: train acc 0.895, test acc 0.526, train loss 0.0193, test loss 0.0485
  seed 0 epoch 180/500: train acc 0.781, test acc 0.507, train loss 0.0269, test loss 0.0499
  seed 0 epoch 190/500: train acc 0.877, test acc 0.513, train loss 0.0194, test loss 0.0474
  seed 0 epoch 200/500: train acc 0.864, test acc 0.553, train loss 0.0187, test loss 0.0463
  seed 0 epoch 210/500: train acc 0.917, test acc 0.526, train loss 0.0143, test loss 0.0472
  seed 0 epoch 220/500: train acc 0.934, test acc 0.513, train loss 0.0139, test loss 0.0484
  seed 0 epoch 230/500: train acc 0.947, test acc 0.487, train loss 0.0123, test loss 0.0512
  seed 0 epoch 240/500: train acc 0.943, test acc 0.526, train loss 0.0102, test loss 0.0498
  seed 0 epoch 250/500: train acc 0.956, test acc 0.546, train loss 0.0117, test loss 0.0507
  seed 0 epoch 260/500: train acc 0.969, test acc 0.507, train loss 0.0090, test loss 0.0515
  seed 0 epoch 270/500: train acc 0.925, test acc 0.500, train loss 0.0129, test loss 0.0608
  seed 0 epoch 280/500: train acc 0.904, test acc 0.533, train loss 0.0157, test loss 0.0471
  seed 0 epoch 290/500: train acc 0.956, test acc 0.533, train loss 0.0104, test loss 0.0502
  seed 0 epoch 300/500: train acc 0.987, test acc 0.546, train loss 0.0068, test loss 0.0503
  seed 0 epoch 310/500: train acc 0.987, test acc 0.533, train loss 0.0065, test loss 0.0531
  seed 0 epoch 320/500: train acc 0.987, test acc 0.553, train loss 0.0065, test loss 0.0514
  seed 0 epoch 330/500: train acc 1.000, test acc 0.553, train loss 0.0046, test loss 0.0545
  seed 0 epoch 340/500: train acc 0.965, test acc 0.533, train loss 0.0066, test loss 0.0532
  seed 0 epoch 350/500: train acc 1.000, test acc 0.539, train loss 0.0055, test loss 0.0557
  seed 0 epoch 360/500: train acc 1.000, test acc 0.513, train loss 0.0045, test loss 0.0576
  seed 0 epoch 370/500: train acc 0.947, test acc 0.493, train loss 0.0074, test loss 0.0533
  seed 0 epoch 380/500: train acc 1.000, test acc 0.566, train loss 0.0046, test loss 0.0523
  seed 0 epoch 390/500: train acc 0.961, test acc 0.474, train loss 0.0065, test loss 0.0650
  seed 0 epoch 400/500: train acc 0.991, test acc 0.553, train loss 0.0034, test loss 0.0511
  seed 0 epoch 410/500: train acc 1.000, test acc 0.520, train loss 0.0049, test loss 0.0547
  seed 0 epoch 420/500: train acc 1.000, test acc 0.559, train loss 0.0031, test loss 0.0553
  seed 0 epoch 430/500: train acc 1.000, test acc 0.553, train loss 0.0033, test loss 0.0564
  seed 0 epoch 440/500: train acc 1.000, test acc 0.539, train loss 0.0029, test loss 0.0578
  seed 0 epoch 450/500: train acc 0.965, test acc 0.559, train loss 0.0057, test loss 0.0563
  seed 0 epoch 460/500: train acc 0.987, test acc 0.539, train loss 0.0044, test loss 0.0539
  seed 0 epoch 470/500: train acc 0.996, test acc 0.533, train loss 0.0032, test loss 0.0556
  seed 0 epoch 480/500: train acc 1.000, test acc 0.513, train loss 0.0028, test loss 0.0577
  seed 0 epoch 490/500: train acc 0.991, test acc 0.539, train loss 0.0028, test loss 0.0585
  seed 0 epoch 500/500: train acc 1.000, test acc 0.520, train loss 0.0022, test loss 0.0589
seed 0: max-over-epochs test acc 0.572 at epoch 317, final-epoch test acc 0.520, final train acc 1.000, params 45054, 58s
  seed 1 epoch  10/500: train acc 0.018, test acc 0.072, train loss 0.1287, test loss 0.1185
  seed 1 epoch  20/500: train acc 0.061, test acc 0.092, train loss 0.1243, test loss 0.1156
  seed 1 epoch  30/500: train acc 0.088, test acc 0.079, train loss 0.1135, test loss 0.1023
  seed 1 epoch  40/500: train acc 0.180, test acc 0.132, train loss 0.0993, test loss 0.0935
  seed 1 epoch  50/500: train acc 0.224, test acc 0.289, train loss 0.0870, test loss 0.0819
  seed 1 epoch  60/500: train acc 0.342, test acc 0.257, train loss 0.0765, test loss 0.0734
  seed 1 epoch  70/500: train acc 0.355, test acc 0.296, train loss 0.0695, test loss 0.0678
  seed 1 epoch  80/500: train acc 0.421, test acc 0.368, train loss 0.0612, test loss 0.0627
  seed 1 epoch  90/500: train acc 0.447, test acc 0.401, train loss 0.0540, test loss 0.0588
  seed 1 epoch 100/500: train acc 0.557, test acc 0.441, train loss 0.0502, test loss 0.0552
  seed 1 epoch 110/500: train acc 0.504, test acc 0.375, train loss 0.0541, test loss 0.0595
  seed 1 epoch 120/500: train acc 0.588, test acc 0.461, train loss 0.0427, test loss 0.0527
  seed 1 epoch 130/500: train acc 0.632, test acc 0.434, train loss 0.0396, test loss 0.0501
  seed 1 epoch 140/500: train acc 0.711, test acc 0.428, train loss 0.0351, test loss 0.0510
  seed 1 epoch 150/500: train acc 0.746, test acc 0.461, train loss 0.0321, test loss 0.0485
  seed 1 epoch 160/500: train acc 0.719, test acc 0.474, train loss 0.0331, test loss 0.0498
  seed 1 epoch 170/500: train acc 0.741, test acc 0.480, train loss 0.0307, test loss 0.0477
  seed 1 epoch 180/500: train acc 0.794, test acc 0.507, train loss 0.0266, test loss 0.0452
  seed 1 epoch 190/500: train acc 0.877, test acc 0.480, train loss 0.0209, test loss 0.0459
  seed 1 epoch 200/500: train acc 0.873, test acc 0.526, train loss 0.0212, test loss 0.0454
  seed 1 epoch 210/500: train acc 0.882, test acc 0.487, train loss 0.0193, test loss 0.0484
  seed 1 epoch 220/500: train acc 0.917, test acc 0.500, train loss 0.0168, test loss 0.0486
  seed 1 epoch 230/500: train acc 0.868, test acc 0.487, train loss 0.0169, test loss 0.0496
  seed 1 epoch 240/500: train acc 0.886, test acc 0.480, train loss 0.0177, test loss 0.0484
  seed 1 epoch 250/500: train acc 0.908, test acc 0.493, train loss 0.0151, test loss 0.0472
  seed 1 epoch 260/500: train acc 0.860, test acc 0.461, train loss 0.0200, test loss 0.0518
  seed 1 epoch 270/500: train acc 0.939, test acc 0.500, train loss 0.0130, test loss 0.0493
  seed 1 epoch 280/500: train acc 0.912, test acc 0.467, train loss 0.0134, test loss 0.0522
  seed 1 epoch 290/500: train acc 0.947, test acc 0.507, train loss 0.0115, test loss 0.0513
  seed 1 epoch 300/500: train acc 0.982, test acc 0.520, train loss 0.0087, test loss 0.0528
  seed 1 epoch 310/500: train acc 0.965, test acc 0.513, train loss 0.0078, test loss 0.0535
  seed 1 epoch 320/500: train acc 0.978, test acc 0.526, train loss 0.0073, test loss 0.0509
  seed 1 epoch 330/500: train acc 0.982, test acc 0.487, train loss 0.0062, test loss 0.0530
  seed 1 epoch 340/500: train acc 0.982, test acc 0.507, train loss 0.0062, test loss 0.0543
  seed 1 epoch 350/500: train acc 0.833, test acc 0.474, train loss 0.0225, test loss 0.0597
  seed 1 epoch 360/500: train acc 0.969, test acc 0.520, train loss 0.0098, test loss 0.0511
  seed 1 epoch 370/500: train acc 0.987, test acc 0.507, train loss 0.0069, test loss 0.0501
  seed 1 epoch 380/500: train acc 0.978, test acc 0.513, train loss 0.0052, test loss 0.0503
  seed 1 epoch 390/500: train acc 0.842, test acc 0.421, train loss 0.0169, test loss 0.0537
  seed 1 epoch 400/500: train acc 0.982, test acc 0.507, train loss 0.0068, test loss 0.0538
  seed 1 epoch 410/500: train acc 0.987, test acc 0.467, train loss 0.0053, test loss 0.0533
  seed 1 epoch 420/500: train acc 1.000, test acc 0.520, train loss 0.0045, test loss 0.0530
  seed 1 epoch 430/500: train acc 0.991, test acc 0.513, train loss 0.0044, test loss 0.0542
  seed 1 epoch 440/500: train acc 1.000, test acc 0.500, train loss 0.0038, test loss 0.0534
  seed 1 epoch 450/500: train acc 0.996, test acc 0.507, train loss 0.0040, test loss 0.0547
  seed 1 epoch 460/500: train acc 0.974, test acc 0.467, train loss 0.0060, test loss 0.0575
  seed 1 epoch 470/500: train acc 0.987, test acc 0.520, train loss 0.0044, test loss 0.0564
  seed 1 epoch 480/500: train acc 1.000, test acc 0.500, train loss 0.0032, test loss 0.0561
  seed 1 epoch 490/500: train acc 0.987, test acc 0.520, train loss 0.0036, test loss 0.0567
  seed 1 epoch 500/500: train acc 1.000, test acc 0.507, train loss 0.0028, test loss 0.0592
seed 1: max-over-epochs test acc 0.559 at epoch 356, final-epoch test acc 0.507, final train acc 1.000, params 45054, 55s
  seed 2 epoch  10/500: train acc 0.044, test acc 0.026, train loss 0.1287, test loss 0.1189
  seed 2 epoch  20/500: train acc 0.048, test acc 0.026, train loss 0.1249, test loss 0.1172
  seed 2 epoch  30/500: train acc 0.118, test acc 0.105, train loss 0.1149, test loss 0.1080
  seed 2 epoch  40/500: train acc 0.132, test acc 0.191, train loss 0.0993, test loss 0.0936
  seed 2 epoch  50/500: train acc 0.263, test acc 0.283, train loss 0.0819, test loss 0.0817
  seed 2 epoch  60/500: train acc 0.338, test acc 0.342, train loss 0.0743, test loss 0.0708
  seed 2 epoch  70/500: train acc 0.469, test acc 0.395, train loss 0.0608, test loss 0.0623
  seed 2 epoch  80/500: train acc 0.461, test acc 0.434, train loss 0.0592, test loss 0.0590
  seed 2 epoch  90/500: train acc 0.583, test acc 0.533, train loss 0.0468, test loss 0.0529
  seed 2 epoch 100/500: train acc 0.610, test acc 0.500, train loss 0.0462, test loss 0.0507
  seed 2 epoch 110/500: train acc 0.658, test acc 0.520, train loss 0.0395, test loss 0.0480
  seed 2 epoch 120/500: train acc 0.693, test acc 0.507, train loss 0.0358, test loss 0.0490
  seed 2 epoch 130/500: train acc 0.789, test acc 0.500, train loss 0.0303, test loss 0.0444
  seed 2 epoch 140/500: train acc 0.772, test acc 0.579, train loss 0.0278, test loss 0.0439
  seed 2 epoch 150/500: train acc 0.846, test acc 0.480, train loss 0.0246, test loss 0.0449
  seed 2 epoch 160/500: train acc 0.833, test acc 0.520, train loss 0.0236, test loss 0.0465
  seed 2 epoch 170/500: train acc 0.890, test acc 0.526, train loss 0.0210, test loss 0.0460
  seed 2 epoch 180/500: train acc 0.912, test acc 0.526, train loss 0.0180, test loss 0.0468
  seed 2 epoch 190/500: train acc 0.877, test acc 0.539, train loss 0.0205, test loss 0.0463
  seed 2 epoch 200/500: train acc 0.934, test acc 0.539, train loss 0.0157, test loss 0.0451
  seed 2 epoch 210/500: train acc 0.939, test acc 0.533, train loss 0.0123, test loss 0.0456
  seed 2 epoch 220/500: train acc 0.952, test acc 0.539, train loss 0.0118, test loss 0.0467
  seed 2 epoch 230/500: train acc 0.961, test acc 0.553, train loss 0.0104, test loss 0.0481
  seed 2 epoch 240/500: train acc 0.982, test acc 0.520, train loss 0.0093, test loss 0.0494
  seed 2 epoch 250/500: train acc 0.877, test acc 0.480, train loss 0.0182, test loss 0.0585
  seed 2 epoch 260/500: train acc 0.956, test acc 0.572, train loss 0.0093, test loss 0.0477
  seed 2 epoch 270/500: train acc 0.982, test acc 0.546, train loss 0.0071, test loss 0.0487
  seed 2 epoch 280/500: train acc 0.987, test acc 0.566, train loss 0.0073, test loss 0.0492
  seed 2 epoch 290/500: train acc 0.982, test acc 0.546, train loss 0.0059, test loss 0.0503
  seed 2 epoch 300/500: train acc 0.838, test acc 0.533, train loss 0.0191, test loss 0.0519
  seed 2 epoch 310/500: train acc 0.978, test acc 0.553, train loss 0.0085, test loss 0.0485
  seed 2 epoch 320/500: train acc 0.991, test acc 0.566, train loss 0.0066, test loss 0.0500
  seed 2 epoch 330/500: train acc 0.996, test acc 0.572, train loss 0.0060, test loss 0.0506
  seed 2 epoch 340/500: train acc 0.996, test acc 0.559, train loss 0.0040, test loss 0.0502
  seed 2 epoch 350/500: train acc 0.996, test acc 0.553, train loss 0.0045, test loss 0.0511
  seed 2 epoch 360/500: train acc 1.000, test acc 0.566, train loss 0.0040, test loss 0.0524
  seed 2 epoch 370/500: train acc 1.000, test acc 0.559, train loss 0.0034, test loss 0.0526
  seed 2 epoch 380/500: train acc 1.000, test acc 0.539, train loss 0.0036, test loss 0.0531
  seed 2 epoch 390/500: train acc 1.000, test acc 0.553, train loss 0.0035, test loss 0.0519
  seed 2 epoch 400/500: train acc 1.000, test acc 0.566, train loss 0.0030, test loss 0.0525
  seed 2 epoch 410/500: train acc 0.969, test acc 0.520, train loss 0.0067, test loss 0.0551
  seed 2 epoch 420/500: train acc 0.890, test acc 0.526, train loss 0.0141, test loss 0.0477
  seed 2 epoch 430/500: train acc 0.991, test acc 0.553, train loss 0.0051, test loss 0.0496
  seed 2 epoch 440/500: train acc 0.996, test acc 0.539, train loss 0.0039, test loss 0.0523
  seed 2 epoch 450/500: train acc 0.996, test acc 0.566, train loss 0.0036, test loss 0.0534
  seed 2 epoch 460/500: train acc 0.996, test acc 0.566, train loss 0.0028, test loss 0.0553
  seed 2 epoch 470/500: train acc 0.991, test acc 0.553, train loss 0.0032, test loss 0.0558
  seed 2 epoch 480/500: train acc 1.000, test acc 0.572, train loss 0.0025, test loss 0.0554
  seed 2 epoch 490/500: train acc 1.000, test acc 0.533, train loss 0.0027, test loss 0.0546
  seed 2 epoch 500/500: train acc 0.987, test acc 0.507, train loss 0.0029, test loss 0.0575
seed 2: max-over-epochs test acc 0.605 at epoch 336, final-epoch test acc 0.507, final train acc 0.987, params 45054, 54s
  seed 3 epoch  10/500: train acc 0.031, test acc 0.026, train loss 0.1278, test loss 0.1195
  seed 3 epoch  20/500: train acc 0.035, test acc 0.072, train loss 0.1256, test loss 0.1180
  seed 3 epoch  30/500: train acc 0.110, test acc 0.105, train loss 0.1192, test loss 0.1117
  seed 3 epoch  40/500: train acc 0.127, test acc 0.217, train loss 0.1026, test loss 0.0957
  seed 3 epoch  50/500: train acc 0.250, test acc 0.355, train loss 0.0834, test loss 0.0797
  seed 3 epoch  60/500: train acc 0.360, test acc 0.336, train loss 0.0700, test loss 0.0728
  seed 3 epoch  70/500: train acc 0.425, test acc 0.447, train loss 0.0604, test loss 0.0652
  seed 3 epoch  80/500: train acc 0.487, test acc 0.414, train loss 0.0559, test loss 0.0592
  seed 3 epoch  90/500: train acc 0.579, test acc 0.441, train loss 0.0447, test loss 0.0565
  seed 3 epoch 100/500: train acc 0.601, test acc 0.500, train loss 0.0433, test loss 0.0553
  seed 3 epoch 110/500: train acc 0.658, test acc 0.480, train loss 0.0390, test loss 0.0544
  seed 3 epoch 120/500: train acc 0.689, test acc 0.539, train loss 0.0386, test loss 0.0476
  seed 3 epoch 130/500: train acc 0.807, test acc 0.526, train loss 0.0285, test loss 0.0479
  seed 3 epoch 140/500: train acc 0.702, test acc 0.493, train loss 0.0331, test loss 0.0527
  seed 3 epoch 150/500: train acc 0.794, test acc 0.546, train loss 0.0278, test loss 0.0484
  seed 3 epoch 160/500: train acc 0.803, test acc 0.546, train loss 0.0240, test loss 0.0468
  seed 3 epoch 170/500: train acc 0.842, test acc 0.533, train loss 0.0206, test loss 0.0470
  seed 3 epoch 180/500: train acc 0.860, test acc 0.559, train loss 0.0180, test loss 0.0477
  seed 3 epoch 190/500: train acc 0.820, test acc 0.507, train loss 0.0220, test loss 0.0532
  seed 3 epoch 200/500: train acc 0.904, test acc 0.579, train loss 0.0175, test loss 0.0468
  seed 3 epoch 210/500: train acc 0.934, test acc 0.553, train loss 0.0123, test loss 0.0479
  seed 3 epoch 220/500: train acc 0.851, test acc 0.507, train loss 0.0173, test loss 0.0529
  seed 3 epoch 230/500: train acc 0.934, test acc 0.539, train loss 0.0116, test loss 0.0478
  seed 3 epoch 240/500: train acc 0.934, test acc 0.461, train loss 0.0139, test loss 0.0548
  seed 3 epoch 250/500: train acc 0.956, test acc 0.539, train loss 0.0105, test loss 0.0490
  seed 3 epoch 260/500: train acc 0.961, test acc 0.513, train loss 0.0080, test loss 0.0516
  seed 3 epoch 270/500: train acc 0.868, test acc 0.480, train loss 0.0186, test loss 0.0533
  seed 3 epoch 280/500: train acc 0.978, test acc 0.592, train loss 0.0076, test loss 0.0495
  seed 3 epoch 290/500: train acc 0.982, test acc 0.546, train loss 0.0075, test loss 0.0518
  seed 3 epoch 300/500: train acc 0.978, test acc 0.533, train loss 0.0063, test loss 0.0539
  seed 3 epoch 310/500: train acc 0.987, test acc 0.526, train loss 0.0073, test loss 0.0533
  seed 3 epoch 320/500: train acc 0.899, test acc 0.526, train loss 0.0115, test loss 0.0546
  seed 3 epoch 330/500: train acc 0.943, test acc 0.520, train loss 0.0087, test loss 0.0502
  seed 3 epoch 340/500: train acc 0.987, test acc 0.533, train loss 0.0061, test loss 0.0537
  seed 3 epoch 350/500: train acc 0.982, test acc 0.546, train loss 0.0076, test loss 0.0534
  seed 3 epoch 360/500: train acc 0.974, test acc 0.533, train loss 0.0082, test loss 0.0529
  seed 3 epoch 370/500: train acc 0.987, test acc 0.546, train loss 0.0057, test loss 0.0528
  seed 3 epoch 380/500: train acc 1.000, test acc 0.566, train loss 0.0038, test loss 0.0567
  seed 3 epoch 390/500: train acc 0.991, test acc 0.526, train loss 0.0040, test loss 0.0579
  seed 3 epoch 400/500: train acc 0.991, test acc 0.559, train loss 0.0035, test loss 0.0602
  seed 3 epoch 410/500: train acc 0.987, test acc 0.533, train loss 0.0035, test loss 0.0611
  seed 3 epoch 420/500: train acc 0.961, test acc 0.526, train loss 0.0059, test loss 0.0596
  seed 3 epoch 430/500: train acc 1.000, test acc 0.559, train loss 0.0030, test loss 0.0589
  seed 3 epoch 440/500: train acc 1.000, test acc 0.559, train loss 0.0030, test loss 0.0601
  seed 3 epoch 450/500: train acc 0.768, test acc 0.421, train loss 0.0245, test loss 0.0690
  seed 3 epoch 460/500: train acc 0.987, test acc 0.533, train loss 0.0051, test loss 0.0524
  seed 3 epoch 470/500: train acc 1.000, test acc 0.586, train loss 0.0033, test loss 0.0547
  seed 3 epoch 480/500: train acc 1.000, test acc 0.539, train loss 0.0025, test loss 0.0604
  seed 3 epoch 490/500: train acc 1.000, test acc 0.533, train loss 0.0019, test loss 0.0610
  seed 3 epoch 500/500: train acc 1.000, test acc 0.520, train loss 0.0024, test loss 0.0625
seed 3: max-over-epochs test acc 0.599 at epoch 328, final-epoch test acc 0.520, final train acc 1.000, params 45054, 53s
  seed 4 epoch  10/500: train acc 0.035, test acc 0.072, train loss 0.1269, test loss 0.1189
  seed 4 epoch  20/500: train acc 0.066, test acc 0.039, train loss 0.1240, test loss 0.1163
  seed 4 epoch  30/500: train acc 0.079, test acc 0.118, train loss 0.1123, test loss 0.1020
  seed 4 epoch  40/500: train acc 0.184, test acc 0.191, train loss 0.1016, test loss 0.0944
  seed 4 epoch  50/500: train acc 0.241, test acc 0.230, train loss 0.0868, test loss 0.0830
  seed 4 epoch  60/500: train acc 0.171, test acc 0.211, train loss 0.0999, test loss 0.0921
  seed 4 epoch  70/500: train acc 0.246, test acc 0.243, train loss 0.0805, test loss 0.0807
  seed 4 epoch  80/500: train acc 0.325, test acc 0.322, train loss 0.0754, test loss 0.0727
  seed 4 epoch  90/500: train acc 0.482, test acc 0.395, train loss 0.0622, test loss 0.0643
  seed 4 epoch 100/500: train acc 0.478, test acc 0.362, train loss 0.0550, test loss 0.0583
  seed 4 epoch 110/500: train acc 0.596, test acc 0.414, train loss 0.0484, test loss 0.0550
  seed 4 epoch 120/500: train acc 0.592, test acc 0.467, train loss 0.0466, test loss 0.0503
  seed 4 epoch 130/500: train acc 0.654, test acc 0.493, train loss 0.0418, test loss 0.0505
  seed 4 epoch 140/500: train acc 0.654, test acc 0.533, train loss 0.0390, test loss 0.0477
  seed 4 epoch 150/500: train acc 0.746, test acc 0.474, train loss 0.0310, test loss 0.0462
  seed 4 epoch 160/500: train acc 0.702, test acc 0.500, train loss 0.0341, test loss 0.0457
  seed 4 epoch 170/500: train acc 0.798, test acc 0.474, train loss 0.0275, test loss 0.0477
  seed 4 epoch 180/500: train acc 0.816, test acc 0.507, train loss 0.0236, test loss 0.0467
  seed 4 epoch 190/500: train acc 0.829, test acc 0.553, train loss 0.0243, test loss 0.0481
  seed 4 epoch 200/500: train acc 0.868, test acc 0.526, train loss 0.0205, test loss 0.0461
  seed 4 epoch 210/500: train acc 0.886, test acc 0.474, train loss 0.0191, test loss 0.0488
  seed 4 epoch 220/500: train acc 0.921, test acc 0.507, train loss 0.0145, test loss 0.0470
  seed 4 epoch 230/500: train acc 0.877, test acc 0.533, train loss 0.0181, test loss 0.0464
  seed 4 epoch 240/500: train acc 0.917, test acc 0.526, train loss 0.0149, test loss 0.0475
  seed 4 epoch 250/500: train acc 0.952, test acc 0.520, train loss 0.0124, test loss 0.0502
  seed 4 epoch 260/500: train acc 0.956, test acc 0.513, train loss 0.0112, test loss 0.0513
  seed 4 epoch 270/500: train acc 0.956, test acc 0.533, train loss 0.0113, test loss 0.0491
  seed 4 epoch 280/500: train acc 0.851, test acc 0.539, train loss 0.0196, test loss 0.0506
  seed 4 epoch 290/500: train acc 0.917, test acc 0.572, train loss 0.0138, test loss 0.0459
  seed 4 epoch 300/500: train acc 0.987, test acc 0.559, train loss 0.0085, test loss 0.0468
  seed 4 epoch 310/500: train acc 0.965, test acc 0.539, train loss 0.0083, test loss 0.0494
  seed 4 epoch 320/500: train acc 0.991, test acc 0.493, train loss 0.0077, test loss 0.0519
  seed 4 epoch 330/500: train acc 0.987, test acc 0.520, train loss 0.0069, test loss 0.0520
  seed 4 epoch 340/500: train acc 0.991, test acc 0.520, train loss 0.0059, test loss 0.0522
  seed 4 epoch 350/500: train acc 0.877, test acc 0.467, train loss 0.0163, test loss 0.0576
  seed 4 epoch 360/500: train acc 0.877, test acc 0.480, train loss 0.0194, test loss 0.0523
  seed 4 epoch 370/500: train acc 0.969, test acc 0.533, train loss 0.0077, test loss 0.0480
  seed 4 epoch 380/500: train acc 0.978, test acc 0.539, train loss 0.0066, test loss 0.0510
  seed 4 epoch 390/500: train acc 0.978, test acc 0.539, train loss 0.0057, test loss 0.0515
  seed 4 epoch 400/500: train acc 1.000, test acc 0.559, train loss 0.0051, test loss 0.0531
  seed 4 epoch 410/500: train acc 0.996, test acc 0.559, train loss 0.0042, test loss 0.0537
  seed 4 epoch 420/500: train acc 0.996, test acc 0.553, train loss 0.0044, test loss 0.0537
  seed 4 epoch 430/500: train acc 0.803, test acc 0.539, train loss 0.0205, test loss 0.0518
  seed 4 epoch 440/500: train acc 1.000, test acc 0.553, train loss 0.0043, test loss 0.0531
  seed 4 epoch 450/500: train acc 1.000, test acc 0.572, train loss 0.0030, test loss 0.0519
  seed 4 epoch 460/500: train acc 1.000, test acc 0.566, train loss 0.0033, test loss 0.0538
  seed 4 epoch 470/500: train acc 0.991, test acc 0.546, train loss 0.0036, test loss 0.0549
  seed 4 epoch 480/500: train acc 0.961, test acc 0.507, train loss 0.0064, test loss 0.0559
  seed 4 epoch 490/500: train acc 1.000, test acc 0.553, train loss 0.0026, test loss 0.0534
  seed 4 epoch 500/500: train acc 1.000, test acc 0.539, train loss 0.0029, test loss 0.0559
seed 4: max-over-epochs test acc 0.605 at epoch 472, final-epoch test acc 0.539, final train acc 1.000, params 45054, 55s
  seed 5 epoch  10/500: train acc 0.048, test acc 0.072, train loss 0.1264, test loss 0.1180
  seed 5 epoch  20/500: train acc 0.061, test acc 0.092, train loss 0.1220, test loss 0.1133
  seed 5 epoch  30/500: train acc 0.110, test acc 0.112, train loss 0.1067, test loss 0.1007
  seed 5 epoch  40/500: train acc 0.171, test acc 0.217, train loss 0.0924, test loss 0.0853
  seed 5 epoch  50/500: train acc 0.254, test acc 0.283, train loss 0.0822, test loss 0.0777
  seed 5 epoch  60/500: train acc 0.311, test acc 0.296, train loss 0.0725, test loss 0.0736
  seed 5 epoch  70/500: train acc 0.408, test acc 0.375, train loss 0.0637, test loss 0.0647
  seed 5 epoch  80/500: train acc 0.482, test acc 0.401, train loss 0.0555, test loss 0.0600
  seed 5 epoch  90/500: train acc 0.496, test acc 0.434, train loss 0.0560, test loss 0.0586
  seed 5 epoch 100/500: train acc 0.531, test acc 0.414, train loss 0.0483, test loss 0.0576
  seed 5 epoch 110/500: train acc 0.592, test acc 0.428, train loss 0.0424, test loss 0.0571
  seed 5 epoch 120/500: train acc 0.689, test acc 0.520, train loss 0.0384, test loss 0.0509
  seed 5 epoch 130/500: train acc 0.689, test acc 0.428, train loss 0.0371, test loss 0.0517
  seed 5 epoch 140/500: train acc 0.719, test acc 0.487, train loss 0.0355, test loss 0.0489
  seed 5 epoch 150/500: train acc 0.728, test acc 0.539, train loss 0.0307, test loss 0.0487
  seed 5 epoch 160/500: train acc 0.811, test acc 0.500, train loss 0.0278, test loss 0.0485
  seed 5 epoch 170/500: train acc 0.592, test acc 0.414, train loss 0.0422, test loss 0.0580
  seed 5 epoch 180/500: train acc 0.820, test acc 0.559, train loss 0.0249, test loss 0.0452
  seed 5 epoch 190/500: train acc 0.838, test acc 0.507, train loss 0.0226, test loss 0.0471
  seed 5 epoch 200/500: train acc 0.851, test acc 0.526, train loss 0.0213, test loss 0.0490
  seed 5 epoch 210/500: train acc 0.864, test acc 0.507, train loss 0.0197, test loss 0.0502
  seed 5 epoch 220/500: train acc 0.798, test acc 0.467, train loss 0.0241, test loss 0.0494
  seed 5 epoch 230/500: train acc 0.917, test acc 0.507, train loss 0.0183, test loss 0.0460
  seed 5 epoch 240/500: train acc 0.925, test acc 0.513, train loss 0.0173, test loss 0.0486
  seed 5 epoch 250/500: train acc 0.947, test acc 0.533, train loss 0.0135, test loss 0.0486
  seed 5 epoch 260/500: train acc 0.925, test acc 0.500, train loss 0.0148, test loss 0.0485
  seed 5 epoch 270/500: train acc 0.908, test acc 0.526, train loss 0.0149, test loss 0.0505
  seed 5 epoch 280/500: train acc 0.882, test acc 0.493, train loss 0.0159, test loss 0.0493
  seed 5 epoch 290/500: train acc 0.982, test acc 0.572, train loss 0.0093, test loss 0.0476
  seed 5 epoch 300/500: train acc 0.930, test acc 0.507, train loss 0.0116, test loss 0.0542
  seed 5 epoch 310/500: train acc 0.987, test acc 0.572, train loss 0.0089, test loss 0.0490
  seed 5 epoch 320/500: train acc 0.996, test acc 0.553, train loss 0.0077, test loss 0.0505
  seed 5 epoch 330/500: train acc 0.961, test acc 0.493, train loss 0.0087, test loss 0.0566
  seed 5 epoch 340/500: train acc 0.987, test acc 0.539, train loss 0.0073, test loss 0.0538
  seed 5 epoch 350/500: train acc 0.996, test acc 0.559, train loss 0.0063, test loss 0.0530
  seed 5 epoch 360/500: train acc 0.877, test acc 0.493, train loss 0.0146, test loss 0.0617
  seed 5 epoch 370/500: train acc 0.961, test acc 0.553, train loss 0.0091, test loss 0.0468
  seed 5 epoch 380/500: train acc 0.987, test acc 0.559, train loss 0.0061, test loss 0.0495
  seed 5 epoch 390/500: train acc 0.996, test acc 0.566, train loss 0.0056, test loss 0.0519
  seed 5 epoch 400/500: train acc 0.974, test acc 0.546, train loss 0.0070, test loss 0.0521
  seed 5 epoch 410/500: train acc 1.000, test acc 0.553, train loss 0.0041, test loss 0.0538
  seed 5 epoch 420/500: train acc 0.987, test acc 0.599, train loss 0.0042, test loss 0.0534
  seed 5 epoch 430/500: train acc 0.956, test acc 0.559, train loss 0.0079, test loss 0.0534
  seed 5 epoch 440/500: train acc 0.982, test acc 0.539, train loss 0.0064, test loss 0.0523
  seed 5 epoch 450/500: train acc 0.974, test acc 0.526, train loss 0.0070, test loss 0.0561
  seed 5 epoch 460/500: train acc 0.987, test acc 0.559, train loss 0.0043, test loss 0.0555
  seed 5 epoch 470/500: train acc 1.000, test acc 0.579, train loss 0.0032, test loss 0.0555
  seed 5 epoch 480/500: train acc 0.996, test acc 0.533, train loss 0.0036, test loss 0.0545
  seed 5 epoch 490/500: train acc 1.000, test acc 0.592, train loss 0.0029, test loss 0.0550
  seed 5 epoch 500/500: train acc 0.912, test acc 0.421, train loss 0.0146, test loss 0.0819
seed 5: max-over-epochs test acc 0.618 at epoch 417, final-epoch test acc 0.421, final train acc 0.912, params 45054, 55s
  seed 6 epoch  10/500: train acc 0.061, test acc 0.026, train loss 0.1270, test loss 0.1187
  seed 6 epoch  20/500: train acc 0.083, test acc 0.066, train loss 0.1223, test loss 0.1146
  seed 6 epoch  30/500: train acc 0.110, test acc 0.118, train loss 0.1094, test loss 0.1028
  seed 6 epoch  40/500: train acc 0.158, test acc 0.197, train loss 0.1011, test loss 0.0932
  seed 6 epoch  50/500: train acc 0.250, test acc 0.270, train loss 0.0839, test loss 0.0785
  seed 6 epoch  60/500: train acc 0.325, test acc 0.388, train loss 0.0730, test loss 0.0691
  seed 6 epoch  70/500: train acc 0.408, test acc 0.329, train loss 0.0636, test loss 0.0629
  seed 6 epoch  80/500: train acc 0.509, test acc 0.434, train loss 0.0567, test loss 0.0590
  seed 6 epoch  90/500: train acc 0.548, test acc 0.401, train loss 0.0502, test loss 0.0539
  seed 6 epoch 100/500: train acc 0.561, test acc 0.388, train loss 0.0441, test loss 0.0529
  seed 6 epoch 110/500: train acc 0.649, test acc 0.461, train loss 0.0406, test loss 0.0508
  seed 6 epoch 120/500: train acc 0.693, test acc 0.414, train loss 0.0394, test loss 0.0523
  seed 6 epoch 130/500: train acc 0.592, test acc 0.395, train loss 0.0438, test loss 0.0509
  seed 6 epoch 140/500: train acc 0.702, test acc 0.454, train loss 0.0333, test loss 0.0504
  seed 6 epoch 150/500: train acc 0.768, test acc 0.474, train loss 0.0286, test loss 0.0490
  seed 6 epoch 160/500: train acc 0.798, test acc 0.480, train loss 0.0234, test loss 0.0500
  seed 6 epoch 170/500: train acc 0.811, test acc 0.441, train loss 0.0268, test loss 0.0500
  seed 6 epoch 180/500: train acc 0.868, test acc 0.513, train loss 0.0211, test loss 0.0463
  seed 6 epoch 190/500: train acc 0.886, test acc 0.480, train loss 0.0199, test loss 0.0458
  seed 6 epoch 200/500: train acc 0.921, test acc 0.487, train loss 0.0183, test loss 0.0490
  seed 6 epoch 210/500: train acc 0.877, test acc 0.507, train loss 0.0166, test loss 0.0479
  seed 6 epoch 220/500: train acc 0.904, test acc 0.526, train loss 0.0170, test loss 0.0467
  seed 6 epoch 230/500: train acc 0.921, test acc 0.513, train loss 0.0134, test loss 0.0509
  seed 6 epoch 240/500: train acc 0.969, test acc 0.526, train loss 0.0109, test loss 0.0473
  seed 6 epoch 250/500: train acc 0.974, test acc 0.533, train loss 0.0099, test loss 0.0470
  seed 6 epoch 260/500: train acc 0.969, test acc 0.493, train loss 0.0091, test loss 0.0495
  seed 6 epoch 270/500: train acc 0.987, test acc 0.533, train loss 0.0080, test loss 0.0481
  seed 6 epoch 280/500: train acc 0.974, test acc 0.487, train loss 0.0092, test loss 0.0511
  seed 6 epoch 290/500: train acc 0.961, test acc 0.454, train loss 0.0088, test loss 0.0557
  seed 6 epoch 300/500: train acc 0.969, test acc 0.500, train loss 0.0087, test loss 0.0518
  seed 6 epoch 310/500: train acc 0.943, test acc 0.500, train loss 0.0100, test loss 0.0546
  seed 6 epoch 320/500: train acc 0.982, test acc 0.487, train loss 0.0073, test loss 0.0526
  seed 6 epoch 330/500: train acc 0.996, test acc 0.526, train loss 0.0052, test loss 0.0523
  seed 6 epoch 340/500: train acc 0.956, test acc 0.487, train loss 0.0081, test loss 0.0535
  seed 6 epoch 350/500: train acc 0.965, test acc 0.520, train loss 0.0080, test loss 0.0524
  seed 6 epoch 360/500: train acc 0.996, test acc 0.546, train loss 0.0050, test loss 0.0516
  seed 6 epoch 370/500: train acc 1.000, test acc 0.513, train loss 0.0039, test loss 0.0540
  seed 6 epoch 380/500: train acc 0.991, test acc 0.507, train loss 0.0050, test loss 0.0531
  seed 6 epoch 390/500: train acc 0.860, test acc 0.454, train loss 0.0206, test loss 0.0579
  seed 6 epoch 400/500: train acc 0.982, test acc 0.513, train loss 0.0055, test loss 0.0500
  seed 6 epoch 410/500: train acc 1.000, test acc 0.513, train loss 0.0034, test loss 0.0532
  seed 6 epoch 420/500: train acc 1.000, test acc 0.520, train loss 0.0032, test loss 0.0524
  seed 6 epoch 430/500: train acc 0.996, test acc 0.526, train loss 0.0028, test loss 0.0547
  seed 6 epoch 440/500: train acc 0.996, test acc 0.513, train loss 0.0029, test loss 0.0554
  seed 6 epoch 450/500: train acc 1.000, test acc 0.526, train loss 0.0026, test loss 0.0565
  seed 6 epoch 460/500: train acc 0.991, test acc 0.474, train loss 0.0038, test loss 0.0663
  seed 6 epoch 470/500: train acc 0.987, test acc 0.559, train loss 0.0041, test loss 0.0547
  seed 6 epoch 480/500: train acc 1.000, test acc 0.539, train loss 0.0031, test loss 0.0558
  seed 6 epoch 490/500: train acc 0.996, test acc 0.539, train loss 0.0030, test loss 0.0574
  seed 6 epoch 500/500: train acc 1.000, test acc 0.559, train loss 0.0022, test loss 0.0560
seed 6: max-over-epochs test acc 0.572 at epoch 395, final-epoch test acc 0.559, final train acc 1.000, params 45054, 57s
  seed 7 epoch  10/500: train acc 0.035, test acc 0.059, train loss 0.1264, test loss 0.1177
  seed 7 epoch  20/500: train acc 0.092, test acc 0.079, train loss 0.1211, test loss 0.1139
  seed 7 epoch  30/500: train acc 0.132, test acc 0.125, train loss 0.1114, test loss 0.1090
  seed 7 epoch  40/500: train acc 0.158, test acc 0.164, train loss 0.1036, test loss 0.0939
  seed 7 epoch  50/500: train acc 0.254, test acc 0.283, train loss 0.0915, test loss 0.0861
  seed 7 epoch  60/500: train acc 0.325, test acc 0.375, train loss 0.0792, test loss 0.0718
  seed 7 epoch  70/500: train acc 0.425, test acc 0.355, train loss 0.0658, test loss 0.0654
  seed 7 epoch  80/500: train acc 0.439, test acc 0.375, train loss 0.0628, test loss 0.0621
  seed 7 epoch  90/500: train acc 0.539, test acc 0.428, train loss 0.0496, test loss 0.0575
  seed 7 epoch 100/500: train acc 0.623, test acc 0.480, train loss 0.0420, test loss 0.0530
  seed 7 epoch 110/500: train acc 0.654, test acc 0.461, train loss 0.0397, test loss 0.0508
  seed 7 epoch 120/500: train acc 0.667, test acc 0.526, train loss 0.0362, test loss 0.0492
  seed 7 epoch 130/500: train acc 0.750, test acc 0.487, train loss 0.0318, test loss 0.0504
  seed 7 epoch 140/500: train acc 0.816, test acc 0.493, train loss 0.0291, test loss 0.0478
  seed 7 epoch 150/500: train acc 0.811, test acc 0.526, train loss 0.0266, test loss 0.0473
  seed 7 epoch 160/500: train acc 0.781, test acc 0.507, train loss 0.0283, test loss 0.0477
  seed 7 epoch 170/500: train acc 0.855, test acc 0.507, train loss 0.0216, test loss 0.0468
  seed 7 epoch 180/500: train acc 0.877, test acc 0.513, train loss 0.0210, test loss 0.0482
  seed 7 epoch 190/500: train acc 0.868, test acc 0.507, train loss 0.0184, test loss 0.0498
  seed 7 epoch 200/500: train acc 0.904, test acc 0.520, train loss 0.0162, test loss 0.0506
  seed 7 epoch 210/500: train acc 0.947, test acc 0.500, train loss 0.0126, test loss 0.0523
  seed 7 epoch 220/500: train acc 0.943, test acc 0.487, train loss 0.0116, test loss 0.0549
  seed 7 epoch 230/500: train acc 0.934, test acc 0.500, train loss 0.0142, test loss 0.0509
  seed 7 epoch 240/500: train acc 0.667, test acc 0.454, train loss 0.0368, test loss 0.0628
  seed 7 epoch 250/500: train acc 0.952, test acc 0.520, train loss 0.0145, test loss 0.0503
  seed 7 epoch 260/500: train acc 0.934, test acc 0.513, train loss 0.0098, test loss 0.0506
  seed 7 epoch 270/500: train acc 0.952, test acc 0.513, train loss 0.0091, test loss 0.0532
  seed 7 epoch 280/500: train acc 0.899, test acc 0.526, train loss 0.0150, test loss 0.0522
  seed 7 epoch 290/500: train acc 0.982, test acc 0.533, train loss 0.0074, test loss 0.0518
  seed 7 epoch 300/500: train acc 0.978, test acc 0.520, train loss 0.0084, test loss 0.0542
  seed 7 epoch 310/500: train acc 0.982, test acc 0.533, train loss 0.0069, test loss 0.0546
  seed 7 epoch 320/500: train acc 0.991, test acc 0.500, train loss 0.0059, test loss 0.0569
  seed 7 epoch 330/500: train acc 0.978, test acc 0.520, train loss 0.0075, test loss 0.0602
  seed 7 epoch 340/500: train acc 0.969, test acc 0.500, train loss 0.0059, test loss 0.0573
  seed 7 epoch 350/500: train acc 0.991, test acc 0.533, train loss 0.0046, test loss 0.0585
  seed 7 epoch 360/500: train acc 0.908, test acc 0.500, train loss 0.0108, test loss 0.0649
  seed 7 epoch 370/500: train acc 0.969, test acc 0.533, train loss 0.0074, test loss 0.0538
  seed 7 epoch 380/500: train acc 0.982, test acc 0.546, train loss 0.0046, test loss 0.0553
  seed 7 epoch 390/500: train acc 1.000, test acc 0.533, train loss 0.0041, test loss 0.0569
  seed 7 epoch 400/500: train acc 0.996, test acc 0.526, train loss 0.0039, test loss 0.0582
  seed 7 epoch 410/500: train acc 1.000, test acc 0.513, train loss 0.0030, test loss 0.0615
  seed 7 epoch 420/500: train acc 0.996, test acc 0.546, train loss 0.0030, test loss 0.0583
  seed 7 epoch 430/500: train acc 0.996, test acc 0.507, train loss 0.0028, test loss 0.0647
  seed 7 epoch 440/500: train acc 0.978, test acc 0.520, train loss 0.0047, test loss 0.0605
  seed 7 epoch 450/500: train acc 0.868, test acc 0.487, train loss 0.0154, test loss 0.0634
  seed 7 epoch 460/500: train acc 0.965, test acc 0.520, train loss 0.0074, test loss 0.0555
  seed 7 epoch 470/500: train acc 0.987, test acc 0.546, train loss 0.0049, test loss 0.0554
  seed 7 epoch 480/500: train acc 0.987, test acc 0.539, train loss 0.0048, test loss 0.0577
  seed 7 epoch 490/500: train acc 0.996, test acc 0.539, train loss 0.0031, test loss 0.0596
  seed 7 epoch 500/500: train acc 1.000, test acc 0.546, train loss 0.0028, test loss 0.0578
seed 7: max-over-epochs test acc 0.572 at epoch 356, final-epoch test acc 0.546, final train acc 1.000, params 45054, 55s
  seed 8 epoch  10/500: train acc 0.026, test acc 0.026, train loss 0.1284, test loss 0.1190
  seed 8 epoch  20/500: train acc 0.057, test acc 0.105, train loss 0.1260, test loss 0.1166
  seed 8 epoch  30/500: train acc 0.105, test acc 0.099, train loss 0.1155, test loss 0.1064
  seed 8 epoch  40/500: train acc 0.167, test acc 0.197, train loss 0.0949, test loss 0.0899
  seed 8 epoch  50/500: train acc 0.224, test acc 0.211, train loss 0.0848, test loss 0.0804
  seed 8 epoch  60/500: train acc 0.281, test acc 0.349, train loss 0.0772, test loss 0.0729
  seed 8 epoch  70/500: train acc 0.417, test acc 0.342, train loss 0.0681, test loss 0.0655
  seed 8 epoch  80/500: train acc 0.474, test acc 0.408, train loss 0.0586, test loss 0.0644
  seed 8 epoch  90/500: train acc 0.579, test acc 0.421, train loss 0.0512, test loss 0.0561
  seed 8 epoch 100/500: train acc 0.592, test acc 0.461, train loss 0.0451, test loss 0.0519
  seed 8 epoch 110/500: train acc 0.654, test acc 0.447, train loss 0.0403, test loss 0.0511
  seed 8 epoch 120/500: train acc 0.667, test acc 0.520, train loss 0.0393, test loss 0.0484
  seed 8 epoch 130/500: train acc 0.702, test acc 0.493, train loss 0.0347, test loss 0.0467
  seed 8 epoch 140/500: train acc 0.719, test acc 0.480, train loss 0.0311, test loss 0.0499
  seed 8 epoch 150/500: train acc 0.759, test acc 0.546, train loss 0.0295, test loss 0.0461
  seed 8 epoch 160/500: train acc 0.838, test acc 0.533, train loss 0.0238, test loss 0.0458
  seed 8 epoch 170/500: train acc 0.838, test acc 0.553, train loss 0.0216, test loss 0.0452
  seed 8 epoch 180/500: train acc 0.833, test acc 0.559, train loss 0.0222, test loss 0.0481
  seed 8 epoch 190/500: train acc 0.864, test acc 0.513, train loss 0.0199, test loss 0.0467
  seed 8 epoch 200/500: train acc 0.895, test acc 0.500, train loss 0.0165, test loss 0.0471
  seed 8 epoch 210/500: train acc 0.829, test acc 0.572, train loss 0.0210, test loss 0.0455
  seed 8 epoch 220/500: train acc 0.899, test acc 0.507, train loss 0.0138, test loss 0.0483
  seed 8 epoch 230/500: train acc 0.825, test acc 0.421, train loss 0.0335, test loss 0.0601
  seed 8 epoch 240/500: train acc 0.974, test acc 0.572, train loss 0.0117, test loss 0.0451
  seed 8 epoch 250/500: train acc 0.947, test acc 0.566, train loss 0.0123, test loss 0.0471
  seed 8 epoch 260/500: train acc 0.917, test acc 0.539, train loss 0.0101, test loss 0.0489
  seed 8 epoch 270/500: train acc 0.982, test acc 0.566, train loss 0.0089, test loss 0.0498
  seed 8 epoch 280/500: train acc 0.974, test acc 0.546, train loss 0.0080, test loss 0.0505
  seed 8 epoch 290/500: train acc 0.934, test acc 0.513, train loss 0.0104, test loss 0.0554
  seed 8 epoch 300/500: train acc 0.939, test acc 0.546, train loss 0.0113, test loss 0.0519
  seed 8 epoch 310/500: train acc 0.982, test acc 0.533, train loss 0.0077, test loss 0.0505
  seed 8 epoch 320/500: train acc 0.974, test acc 0.566, train loss 0.0064, test loss 0.0517
  seed 8 epoch 330/500: train acc 0.978, test acc 0.566, train loss 0.0056, test loss 0.0499
  seed 8 epoch 340/500: train acc 0.987, test acc 0.559, train loss 0.0050, test loss 0.0538
  seed 8 epoch 350/500: train acc 0.890, test acc 0.539, train loss 0.0136, test loss 0.0530
  seed 8 epoch 360/500: train acc 0.982, test acc 0.572, train loss 0.0057, test loss 0.0509
  seed 8 epoch 370/500: train acc 1.000, test acc 0.572, train loss 0.0045, test loss 0.0524
  seed 8 epoch 380/500: train acc 0.921, test acc 0.487, train loss 0.0086, test loss 0.0543
  seed 8 epoch 390/500: train acc 0.991, test acc 0.592, train loss 0.0056, test loss 0.0510
  seed 8 epoch 400/500: train acc 1.000, test acc 0.586, train loss 0.0036, test loss 0.0536
  seed 8 epoch 410/500: train acc 0.991, test acc 0.592, train loss 0.0037, test loss 0.0535
  seed 8 epoch 420/500: train acc 1.000, test acc 0.579, train loss 0.0028, test loss 0.0555
  seed 8 epoch 430/500: train acc 1.000, test acc 0.553, train loss 0.0033, test loss 0.0580
  seed 8 epoch 440/500: train acc 1.000, test acc 0.546, train loss 0.0032, test loss 0.0583
  seed 8 epoch 450/500: train acc 1.000, test acc 0.546, train loss 0.0026, test loss 0.0584
  seed 8 epoch 460/500: train acc 1.000, test acc 0.533, train loss 0.0027, test loss 0.0667
  seed 8 epoch 470/500: train acc 0.838, test acc 0.572, train loss 0.0176, test loss 0.0440
  seed 8 epoch 480/500: train acc 0.961, test acc 0.586, train loss 0.0082, test loss 0.0473
  seed 8 epoch 490/500: train acc 0.956, test acc 0.559, train loss 0.0074, test loss 0.0524
  seed 8 epoch 500/500: train acc 0.978, test acc 0.586, train loss 0.0052, test loss 0.0515
seed 8: max-over-epochs test acc 0.612 at epoch 393, final-epoch test acc 0.586, final train acc 0.978, params 45054, 56s
  seed 9 epoch  10/500: train acc 0.044, test acc 0.046, train loss 0.1266, test loss 0.1190
  seed 9 epoch  20/500: train acc 0.035, test acc 0.092, train loss 0.1243, test loss 0.1164
  seed 9 epoch  30/500: train acc 0.162, test acc 0.138, train loss 0.1142, test loss 0.1059
  seed 9 epoch  40/500: train acc 0.189, test acc 0.237, train loss 0.0965, test loss 0.0883
  seed 9 epoch  50/500: train acc 0.246, test acc 0.289, train loss 0.0805, test loss 0.0780
  seed 9 epoch  60/500: train acc 0.382, test acc 0.382, train loss 0.0674, test loss 0.0667
  seed 9 epoch  70/500: train acc 0.447, test acc 0.388, train loss 0.0609, test loss 0.0605
  seed 9 epoch  80/500: train acc 0.531, test acc 0.395, train loss 0.0514, test loss 0.0559
  seed 9 epoch  90/500: train acc 0.570, test acc 0.447, train loss 0.0452, test loss 0.0549
  seed 9 epoch 100/500: train acc 0.649, test acc 0.474, train loss 0.0411, test loss 0.0527
  seed 9 epoch 110/500: train acc 0.759, test acc 0.487, train loss 0.0357, test loss 0.0498
  seed 9 epoch 120/500: train acc 0.737, test acc 0.447, train loss 0.0345, test loss 0.0478
  seed 9 epoch 130/500: train acc 0.794, test acc 0.526, train loss 0.0269, test loss 0.0481
  seed 9 epoch 140/500: train acc 0.776, test acc 0.533, train loss 0.0273, test loss 0.0450
  seed 9 epoch 150/500: train acc 0.759, test acc 0.513, train loss 0.0278, test loss 0.0471
  seed 9 epoch 160/500: train acc 0.868, test acc 0.507, train loss 0.0220, test loss 0.0451
  seed 9 epoch 170/500: train acc 0.846, test acc 0.467, train loss 0.0206, test loss 0.0455
  seed 9 epoch 180/500: train acc 0.908, test acc 0.507, train loss 0.0165, test loss 0.0443
  seed 9 epoch 190/500: train acc 0.855, test acc 0.461, train loss 0.0198, test loss 0.0506
  seed 9 epoch 200/500: train acc 0.939, test acc 0.487, train loss 0.0137, test loss 0.0463
  seed 9 epoch 210/500: train acc 0.886, test acc 0.480, train loss 0.0158, test loss 0.0506
  seed 9 epoch 220/500: train acc 0.925, test acc 0.513, train loss 0.0145, test loss 0.0474
  seed 9 epoch 230/500: train acc 0.969, test acc 0.520, train loss 0.0122, test loss 0.0484
  seed 9 epoch 240/500: train acc 0.904, test acc 0.533, train loss 0.0160, test loss 0.0473
  seed 9 epoch 250/500: train acc 0.947, test acc 0.526, train loss 0.0102, test loss 0.0486
  seed 9 epoch 260/500: train acc 0.982, test acc 0.500, train loss 0.0090, test loss 0.0506
  seed 9 epoch 270/500: train acc 0.991, test acc 0.480, train loss 0.0085, test loss 0.0514
  seed 9 epoch 280/500: train acc 0.952, test acc 0.520, train loss 0.0107, test loss 0.0488
  seed 9 epoch 290/500: train acc 0.987, test acc 0.526, train loss 0.0067, test loss 0.0523
  seed 9 epoch 300/500: train acc 0.982, test acc 0.539, train loss 0.0062, test loss 0.0498
  seed 9 epoch 310/500: train acc 0.982, test acc 0.539, train loss 0.0055, test loss 0.0531
  seed 9 epoch 320/500: train acc 0.961, test acc 0.533, train loss 0.0075, test loss 0.0517
  seed 9 epoch 330/500: train acc 0.982, test acc 0.526, train loss 0.0061, test loss 0.0525
  seed 9 epoch 340/500: train acc 0.996, test acc 0.533, train loss 0.0047, test loss 0.0549
  seed 9 epoch 350/500: train acc 1.000, test acc 0.526, train loss 0.0035, test loss 0.0542
  seed 9 epoch 360/500: train acc 0.921, test acc 0.533, train loss 0.0124, test loss 0.0523
  seed 9 epoch 370/500: train acc 0.991, test acc 0.546, train loss 0.0064, test loss 0.0520
  seed 9 epoch 380/500: train acc 0.991, test acc 0.526, train loss 0.0041, test loss 0.0532
  seed 9 epoch 390/500: train acc 0.996, test acc 0.526, train loss 0.0033, test loss 0.0556
  seed 9 epoch 400/500: train acc 1.000, test acc 0.526, train loss 0.0036, test loss 0.0547
  seed 9 epoch 410/500: train acc 1.000, test acc 0.513, train loss 0.0029, test loss 0.0558
  seed 9 epoch 420/500: train acc 1.000, test acc 0.533, train loss 0.0030, test loss 0.0579
  seed 9 epoch 430/500: train acc 0.996, test acc 0.526, train loss 0.0031, test loss 0.0570
  seed 9 epoch 440/500: train acc 1.000, test acc 0.526, train loss 0.0022, test loss 0.0586
  seed 9 epoch 450/500: train acc 0.921, test acc 0.546, train loss 0.0100, test loss 0.0549
  seed 9 epoch 460/500: train acc 0.961, test acc 0.572, train loss 0.0090, test loss 0.0494
  seed 9 epoch 470/500: train acc 0.965, test acc 0.533, train loss 0.0069, test loss 0.0489
  seed 9 epoch 480/500: train acc 0.991, test acc 0.546, train loss 0.0047, test loss 0.0527
  seed 9 epoch 490/500: train acc 0.991, test acc 0.533, train loss 0.0031, test loss 0.0553
  seed 9 epoch 500/500: train acc 0.996, test acc 0.546, train loss 0.0029, test loss 0.0557
seed 9: max-over-epochs test acc 0.579 at epoch 456, final-epoch test acc 0.546, final train acc 0.996, params 45054, 59s
--> allPhonemes_Unvoiced: max-over-epochs 0.589 ± 0.020, final epoch 0.525 ± 0.042, best epoch median 374 (range 317-472)
=== allWords_Voiced: train (216, 22, 7500), test (144, 22, 7500)
  seed 0 epoch  10/500: train acc 0.037, test acc 0.028, train loss 0.1160, test loss 0.1236
  seed 0 epoch  20/500: train acc 0.088, test acc 0.111, train loss 0.1140, test loss 0.1220
  seed 0 epoch  30/500: train acc 0.153, test acc 0.160, train loss 0.1082, test loss 0.1168
  seed 0 epoch  40/500: train acc 0.181, test acc 0.208, train loss 0.0897, test loss 0.0957
  seed 0 epoch  50/500: train acc 0.287, test acc 0.326, train loss 0.0757, test loss 0.0830
  seed 0 epoch  60/500: train acc 0.458, test acc 0.486, train loss 0.0603, test loss 0.0674
  seed 0 epoch  70/500: train acc 0.634, test acc 0.569, train loss 0.0471, test loss 0.0578
  seed 0 epoch  80/500: train acc 0.704, test acc 0.556, train loss 0.0386, test loss 0.0519
  seed 0 epoch  90/500: train acc 0.833, test acc 0.569, train loss 0.0298, test loss 0.0492
  seed 0 epoch 100/500: train acc 0.856, test acc 0.597, train loss 0.0265, test loss 0.0491
  seed 0 epoch 110/500: train acc 0.903, test acc 0.736, train loss 0.0211, test loss 0.0359
  seed 0 epoch 120/500: train acc 0.931, test acc 0.708, train loss 0.0175, test loss 0.0355
  seed 0 epoch 130/500: train acc 0.940, test acc 0.681, train loss 0.0171, test loss 0.0385
  seed 0 epoch 140/500: train acc 0.861, test acc 0.688, train loss 0.0192, test loss 0.0367
  seed 0 epoch 150/500: train acc 0.917, test acc 0.701, train loss 0.0153, test loss 0.0332
  seed 0 epoch 160/500: train acc 0.981, test acc 0.701, train loss 0.0102, test loss 0.0306
  seed 0 epoch 170/500: train acc 0.991, test acc 0.701, train loss 0.0083, test loss 0.0298
  seed 0 epoch 180/500: train acc 0.986, test acc 0.708, train loss 0.0072, test loss 0.0293
  seed 0 epoch 190/500: train acc 1.000, test acc 0.694, train loss 0.0069, test loss 0.0302
  seed 0 epoch 200/500: train acc 0.995, test acc 0.688, train loss 0.0065, test loss 0.0329
  seed 0 epoch 210/500: train acc 1.000, test acc 0.701, train loss 0.0052, test loss 0.0302
  seed 0 epoch 220/500: train acc 0.981, test acc 0.701, train loss 0.0060, test loss 0.0329
  seed 0 epoch 230/500: train acc 0.995, test acc 0.681, train loss 0.0064, test loss 0.0306
  seed 0 epoch 240/500: train acc 1.000, test acc 0.694, train loss 0.0036, test loss 0.0287
  seed 0 epoch 250/500: train acc 0.995, test acc 0.729, train loss 0.0039, test loss 0.0275
  seed 0 epoch 260/500: train acc 1.000, test acc 0.694, train loss 0.0035, test loss 0.0287
  seed 0 epoch 270/500: train acc 1.000, test acc 0.701, train loss 0.0032, test loss 0.0293
  seed 0 epoch 280/500: train acc 1.000, test acc 0.708, train loss 0.0032, test loss 0.0281
  seed 0 epoch 290/500: train acc 1.000, test acc 0.694, train loss 0.0030, test loss 0.0300
  seed 0 epoch 300/500: train acc 1.000, test acc 0.701, train loss 0.0032, test loss 0.0308
  seed 0 epoch 310/500: train acc 1.000, test acc 0.729, train loss 0.0028, test loss 0.0287
  seed 0 epoch 320/500: train acc 1.000, test acc 0.708, train loss 0.0026, test loss 0.0298
  seed 0 epoch 330/500: train acc 0.856, test acc 0.632, train loss 0.0180, test loss 0.0383
  seed 0 epoch 340/500: train acc 0.986, test acc 0.757, train loss 0.0054, test loss 0.0256
  seed 0 epoch 350/500: train acc 1.000, test acc 0.757, train loss 0.0030, test loss 0.0224
  seed 0 epoch 360/500: train acc 1.000, test acc 0.750, train loss 0.0027, test loss 0.0239
  seed 0 epoch 370/500: train acc 1.000, test acc 0.750, train loss 0.0021, test loss 0.0255
  seed 0 epoch 380/500: train acc 0.995, test acc 0.694, train loss 0.0038, test loss 0.0297
  seed 0 epoch 390/500: train acc 0.986, test acc 0.750, train loss 0.0034, test loss 0.0269
  seed 0 epoch 400/500: train acc 1.000, test acc 0.785, train loss 0.0029, test loss 0.0242
  seed 0 epoch 410/500: train acc 0.991, test acc 0.764, train loss 0.0023, test loss 0.0250
  seed 0 epoch 420/500: train acc 1.000, test acc 0.778, train loss 0.0021, test loss 0.0251
  seed 0 epoch 430/500: train acc 1.000, test acc 0.764, train loss 0.0017, test loss 0.0238
  seed 0 epoch 440/500: train acc 1.000, test acc 0.771, train loss 0.0016, test loss 0.0252
  seed 0 epoch 450/500: train acc 1.000, test acc 0.743, train loss 0.0018, test loss 0.0263
  seed 0 epoch 460/500: train acc 1.000, test acc 0.722, train loss 0.0015, test loss 0.0302
  seed 0 epoch 470/500: train acc 1.000, test acc 0.736, train loss 0.0022, test loss 0.0260
  seed 0 epoch 480/500: train acc 0.991, test acc 0.736, train loss 0.0020, test loss 0.0278
  seed 0 epoch 490/500: train acc 1.000, test acc 0.708, train loss 0.0013, test loss 0.0282
  seed 0 epoch 500/500: train acc 1.000, test acc 0.736, train loss 0.0014, test loss 0.0300
seed 0: max-over-epochs test acc 0.792 at epoch 343, final-epoch test acc 0.736, final train acc 1.000, params 44924, 52s
  seed 1 epoch  10/500: train acc 0.032, test acc 0.062, train loss 0.1157, test loss 0.1233
  seed 1 epoch  20/500: train acc 0.079, test acc 0.118, train loss 0.1137, test loss 0.1221
  seed 1 epoch  30/500: train acc 0.134, test acc 0.111, train loss 0.1073, test loss 0.1164
  seed 1 epoch  40/500: train acc 0.181, test acc 0.222, train loss 0.0903, test loss 0.0968
  seed 1 epoch  50/500: train acc 0.282, test acc 0.347, train loss 0.0754, test loss 0.0860
  seed 1 epoch  60/500: train acc 0.431, test acc 0.472, train loss 0.0632, test loss 0.0713
  seed 1 epoch  70/500: train acc 0.528, test acc 0.479, train loss 0.0529, test loss 0.0655
  seed 1 epoch  80/500: train acc 0.676, test acc 0.646, train loss 0.0421, test loss 0.0548
  seed 1 epoch  90/500: train acc 0.718, test acc 0.521, train loss 0.0348, test loss 0.0568
  seed 1 epoch 100/500: train acc 0.759, test acc 0.590, train loss 0.0302, test loss 0.0475
  seed 1 epoch 110/500: train acc 0.815, test acc 0.646, train loss 0.0261, test loss 0.0415
  seed 1 epoch 120/500: train acc 0.898, test acc 0.632, train loss 0.0213, test loss 0.0395
  seed 1 epoch 130/500: train acc 0.940, test acc 0.653, train loss 0.0169, test loss 0.0379
  seed 1 epoch 140/500: train acc 0.944, test acc 0.660, train loss 0.0152, test loss 0.0359
  seed 1 epoch 150/500: train acc 0.944, test acc 0.660, train loss 0.0129, test loss 0.0348
  seed 1 epoch 160/500: train acc 0.884, test acc 0.653, train loss 0.0172, test loss 0.0363
  seed 1 epoch 170/500: train acc 0.968, test acc 0.660, train loss 0.0119, test loss 0.0332
  seed 1 epoch 180/500: train acc 0.977, test acc 0.715, train loss 0.0084, test loss 0.0294
  seed 1 epoch 190/500: train acc 0.991, test acc 0.708, train loss 0.0078, test loss 0.0326
  seed 1 epoch 200/500: train acc 0.995, test acc 0.694, train loss 0.0065, test loss 0.0309
  seed 1 epoch 210/500: train acc 0.991, test acc 0.674, train loss 0.0068, test loss 0.0334
  seed 1 epoch 220/500: train acc 0.995, test acc 0.701, train loss 0.0051, test loss 0.0306
  seed 1 epoch 230/500: train acc 0.995, test acc 0.701, train loss 0.0044, test loss 0.0325
  seed 1 epoch 240/500: train acc 0.954, test acc 0.722, train loss 0.0093, test loss 0.0295
  seed 1 epoch 250/500: train acc 1.000, test acc 0.715, train loss 0.0039, test loss 0.0268
  seed 1 epoch 260/500: train acc 1.000, test acc 0.701, train loss 0.0035, test loss 0.0290
  seed 1 epoch 270/500: train acc 1.000, test acc 0.688, train loss 0.0033, test loss 0.0286
  seed 1 epoch 280/500: train acc 0.995, test acc 0.681, train loss 0.0033, test loss 0.0311
  seed 1 epoch 290/500: train acc 1.000, test acc 0.688, train loss 0.0031, test loss 0.0304
  seed 1 epoch 300/500: train acc 0.995, test acc 0.694, train loss 0.0029, test loss 0.0317
  seed 1 epoch 310/500: train acc 0.935, test acc 0.681, train loss 0.0102, test loss 0.0289
  seed 1 epoch 320/500: train acc 1.000, test acc 0.743, train loss 0.0031, test loss 0.0236
  seed 1 epoch 330/500: train acc 1.000, test acc 0.715, train loss 0.0026, test loss 0.0255
  seed 1 epoch 340/500: train acc 1.000, test acc 0.701, train loss 0.0029, test loss 0.0257
  seed 1 epoch 350/500: train acc 1.000, test acc 0.701, train loss 0.0021, test loss 0.0279
  seed 1 epoch 360/500: train acc 1.000, test acc 0.681, train loss 0.0023, test loss 0.0276
  seed 1 epoch 370/500: train acc 1.000, test acc 0.708, train loss 0.0022, test loss 0.0279
  seed 1 epoch 380/500: train acc 1.000, test acc 0.715, train loss 0.0018, test loss 0.0285
  seed 1 epoch 390/500: train acc 0.995, test acc 0.701, train loss 0.0023, test loss 0.0306
  seed 1 epoch 400/500: train acc 1.000, test acc 0.708, train loss 0.0019, test loss 0.0300
  seed 1 epoch 410/500: train acc 1.000, test acc 0.708, train loss 0.0014, test loss 0.0316
  seed 1 epoch 420/500: train acc 0.995, test acc 0.715, train loss 0.0019, test loss 0.0307
  seed 1 epoch 430/500: train acc 1.000, test acc 0.715, train loss 0.0018, test loss 0.0327
  seed 1 epoch 440/500: train acc 0.995, test acc 0.708, train loss 0.0020, test loss 0.0330
  seed 1 epoch 450/500: train acc 0.995, test acc 0.722, train loss 0.0017, test loss 0.0323
  seed 1 epoch 460/500: train acc 1.000, test acc 0.674, train loss 0.0018, test loss 0.0352
  seed 1 epoch 470/500: train acc 0.991, test acc 0.799, train loss 0.0049, test loss 0.0206
  seed 1 epoch 480/500: train acc 1.000, test acc 0.764, train loss 0.0023, test loss 0.0230
  seed 1 epoch 490/500: train acc 1.000, test acc 0.806, train loss 0.0016, test loss 0.0228
  seed 1 epoch 500/500: train acc 0.995, test acc 0.757, train loss 0.0016, test loss 0.0239
seed 1: max-over-epochs test acc 0.812 at epoch 485, final-epoch test acc 0.757, final train acc 0.995, params 44924, 53s
  seed 2 epoch  10/500: train acc 0.042, test acc 0.042, train loss 0.1155, test loss 0.1239
  seed 2 epoch  20/500: train acc 0.069, test acc 0.125, train loss 0.1140, test loss 0.1221
  seed 2 epoch  30/500: train acc 0.157, test acc 0.174, train loss 0.1076, test loss 0.1161
  seed 2 epoch  40/500: train acc 0.227, test acc 0.299, train loss 0.0894, test loss 0.0965
  seed 2 epoch  50/500: train acc 0.329, test acc 0.375, train loss 0.0734, test loss 0.0799
  seed 2 epoch  60/500: train acc 0.505, test acc 0.417, train loss 0.0586, test loss 0.0703
  seed 2 epoch  70/500: train acc 0.597, test acc 0.479, train loss 0.0478, test loss 0.0633
  seed 2 epoch  80/500: train acc 0.690, test acc 0.472, train loss 0.0407, test loss 0.0566
  seed 2 epoch  90/500: train acc 0.713, test acc 0.500, train loss 0.0371, test loss 0.0537
  seed 2 epoch 100/500: train acc 0.796, test acc 0.569, train loss 0.0297, test loss 0.0481
  seed 2 epoch 110/500: train acc 0.866, test acc 0.576, train loss 0.0240, test loss 0.0452
  seed 2 epoch 120/500: train acc 0.884, test acc 0.556, train loss 0.0222, test loss 0.0480
  seed 2 epoch 130/500: train acc 0.935, test acc 0.639, train loss 0.0176, test loss 0.0389
  seed 2 epoch 140/500: train acc 0.949, test acc 0.653, train loss 0.0151, test loss 0.0373
  seed 2 epoch 150/500: train acc 0.921, test acc 0.583, train loss 0.0147, test loss 0.0399
  seed 2 epoch 160/500: train acc 0.977, test acc 0.667, train loss 0.0109, test loss 0.0343
  seed 2 epoch 170/500: train acc 0.981, test acc 0.639, train loss 0.0091, test loss 0.0339
  seed 2 epoch 180/500: train acc 0.981, test acc 0.646, train loss 0.0092, test loss 0.0348
  seed 2 epoch 190/500: train acc 0.866, test acc 0.639, train loss 0.0187, test loss 0.0421
  seed 2 epoch 200/500: train acc 0.991, test acc 0.688, train loss 0.0076, test loss 0.0315
  seed 2 epoch 210/500: train acc 1.000, test acc 0.688, train loss 0.0052, test loss 0.0327
  seed 2 epoch 220/500: train acc 0.995, test acc 0.688, train loss 0.0055, test loss 0.0326
  seed 2 epoch 230/500: train acc 1.000, test acc 0.688, train loss 0.0045, test loss 0.0329
  seed 2 epoch 240/500: train acc 1.000, test acc 0.694, train loss 0.0038, test loss 0.0343
  seed 2 epoch 250/500: train acc 1.000, test acc 0.701, train loss 0.0034, test loss 0.0345
  seed 2 epoch 260/500: train acc 0.995, test acc 0.667, train loss 0.0042, test loss 0.0357
  seed 2 epoch 270/500: train acc 0.991, test acc 0.688, train loss 0.0048, test loss 0.0304
  seed 2 epoch 280/500: train acc 1.000, test acc 0.701, train loss 0.0030, test loss 0.0319
  seed 2 epoch 290/500: train acc 1.000, test acc 0.708, train loss 0.0026, test loss 0.0325
  seed 2 epoch 300/500: train acc 1.000, test acc 0.722, train loss 0.0028, test loss 0.0362
  seed 2 epoch 310/500: train acc 1.000, test acc 0.715, train loss 0.0030, test loss 0.0343
  seed 2 epoch 320/500: train acc 0.991, test acc 0.708, train loss 0.0031, test loss 0.0323
  seed 2 epoch 330/500: train acc 1.000, test acc 0.729, train loss 0.0025, test loss 0.0335
  seed 2 epoch 340/500: train acc 1.000, test acc 0.701, train loss 0.0019, test loss 0.0353
  seed 2 epoch 350/500: train acc 1.000, test acc 0.708, train loss 0.0020, test loss 0.0338
  seed 2 epoch 360/500: train acc 0.847, test acc 0.597, train loss 0.0198, test loss 0.0451
  seed 2 epoch 370/500: train acc 0.986, test acc 0.729, train loss 0.0049, test loss 0.0276
  seed 2 epoch 380/500: train acc 1.000, test acc 0.743, train loss 0.0030, test loss 0.0280
  seed 2 epoch 390/500: train acc 1.000, test acc 0.764, train loss 0.0027, test loss 0.0282
  seed 2 epoch 400/500: train acc 1.000, test acc 0.750, train loss 0.0022, test loss 0.0276
  seed 2 epoch 410/500: train acc 1.000, test acc 0.722, train loss 0.0021, test loss 0.0298
  seed 2 epoch 420/500: train acc 1.000, test acc 0.736, train loss 0.0019, test loss 0.0300
  seed 2 epoch 430/500: train acc 1.000, test acc 0.750, train loss 0.0016, test loss 0.0295
  seed 2 epoch 440/500: train acc 0.995, test acc 0.694, train loss 0.0020, test loss 0.0305
  seed 2 epoch 450/500: train acc 1.000, test acc 0.708, train loss 0.0017, test loss 0.0307
  seed 2 epoch 460/500: train acc 1.000, test acc 0.694, train loss 0.0018, test loss 0.0330
  seed 2 epoch 470/500: train acc 1.000, test acc 0.715, train loss 0.0016, test loss 0.0305
  seed 2 epoch 480/500: train acc 1.000, test acc 0.729, train loss 0.0017, test loss 0.0323
  seed 2 epoch 490/500: train acc 1.000, test acc 0.715, train loss 0.0013, test loss 0.0307
  seed 2 epoch 500/500: train acc 1.000, test acc 0.736, train loss 0.0013, test loss 0.0315
seed 2: max-over-epochs test acc 0.771 at epoch 399, final-epoch test acc 0.736, final train acc 1.000, params 44924, 52s
  seed 3 epoch  10/500: train acc 0.056, test acc 0.028, train loss 0.1154, test loss 0.1235
  seed 3 epoch  20/500: train acc 0.097, test acc 0.076, train loss 0.1131, test loss 0.1217
  seed 3 epoch  30/500: train acc 0.134, test acc 0.153, train loss 0.1054, test loss 0.1128
  seed 3 epoch  40/500: train acc 0.181, test acc 0.208, train loss 0.0906, test loss 0.0933
  seed 3 epoch  50/500: train acc 0.315, test acc 0.375, train loss 0.0756, test loss 0.0822
  seed 3 epoch  60/500: train acc 0.412, test acc 0.451, train loss 0.0629, test loss 0.0695
  seed 3 epoch  70/500: train acc 0.574, test acc 0.562, train loss 0.0512, test loss 0.0600
  seed 3 epoch  80/500: train acc 0.644, test acc 0.556, train loss 0.0446, test loss 0.0551
  seed 3 epoch  90/500: train acc 0.769, test acc 0.667, train loss 0.0325, test loss 0.0444
  seed 3 epoch 100/500: train acc 0.819, test acc 0.625, train loss 0.0274, test loss 0.0429
  seed 3 epoch 110/500: train acc 0.838, test acc 0.688, train loss 0.0238, test loss 0.0373
  seed 3 epoch 120/500: train acc 0.898, test acc 0.701, train loss 0.0190, test loss 0.0350
  seed 3 epoch 130/500: train acc 0.912, test acc 0.701, train loss 0.0165, test loss 0.0322
  seed 3 epoch 140/500: train acc 0.949, test acc 0.764, train loss 0.0136, test loss 0.0307
  seed 3 epoch 150/500: train acc 0.935, test acc 0.722, train loss 0.0113, test loss 0.0303
  seed 3 epoch 160/500: train acc 0.968, test acc 0.757, train loss 0.0106, test loss 0.0304
  seed 3 epoch 170/500: train acc 0.972, test acc 0.757, train loss 0.0094, test loss 0.0272
  seed 3 epoch 180/500: train acc 0.949, test acc 0.715, train loss 0.0106, test loss 0.0281
  seed 3 epoch 190/500: train acc 1.000, test acc 0.729, train loss 0.0058, test loss 0.0266
  seed 3 epoch 200/500: train acc 1.000, test acc 0.722, train loss 0.0053, test loss 0.0310
  seed 3 epoch 210/500: train acc 0.981, test acc 0.743, train loss 0.0059, test loss 0.0289
  seed 3 epoch 220/500: train acc 0.935, test acc 0.819, train loss 0.0095, test loss 0.0231
  seed 3 epoch 230/500: train acc 1.000, test acc 0.799, train loss 0.0049, test loss 0.0236
  seed 3 epoch 240/500: train acc 1.000, test acc 0.764, train loss 0.0038, test loss 0.0230
  seed 3 epoch 250/500: train acc 1.000, test acc 0.764, train loss 0.0033, test loss 0.0244
  seed 3 epoch 260/500: train acc 1.000, test acc 0.778, train loss 0.0035, test loss 0.0241
  seed 3 epoch 270/500: train acc 1.000, test acc 0.764, train loss 0.0027, test loss 0.0252
  seed 3 epoch 280/500: train acc 1.000, test acc 0.750, train loss 0.0027, test loss 0.0255
  seed 3 epoch 290/500: train acc 0.995, test acc 0.764, train loss 0.0028, test loss 0.0260
  seed 3 epoch 300/500: train acc 0.954, test acc 0.729, train loss 0.0087, test loss 0.0283
  seed 3 epoch 310/500: train acc 0.995, test acc 0.819, train loss 0.0039, test loss 0.0198
  seed 3 epoch 320/500: train acc 1.000, test acc 0.819, train loss 0.0026, test loss 0.0206
  seed 3 epoch 330/500: train acc 1.000, test acc 0.806, train loss 0.0021, test loss 0.0215
  seed 3 epoch 340/500: train acc 1.000, test acc 0.792, train loss 0.0018, test loss 0.0216
  seed 3 epoch 350/500: train acc 1.000, test acc 0.771, train loss 0.0022, test loss 0.0237
  seed 3 epoch 360/500: train acc 1.000, test acc 0.812, train loss 0.0020, test loss 0.0227
  seed 3 epoch 370/500: train acc 1.000, test acc 0.792, train loss 0.0019, test loss 0.0246
  seed 3 epoch 380/500: train acc 1.000, test acc 0.743, train loss 0.0016, test loss 0.0254
  seed 3 epoch 390/500: train acc 1.000, test acc 0.736, train loss 0.0020, test loss 0.0274
  seed 3 epoch 400/500: train acc 0.949, test acc 0.736, train loss 0.0098, test loss 0.0260
  seed 3 epoch 410/500: train acc 0.986, test acc 0.736, train loss 0.0030, test loss 0.0226
  seed 3 epoch 420/500: train acc 1.000, test acc 0.819, train loss 0.0017, test loss 0.0203
  seed 3 epoch 430/500: train acc 1.000, test acc 0.799, train loss 0.0016, test loss 0.0210
  seed 3 epoch 440/500: train acc 1.000, test acc 0.806, train loss 0.0016, test loss 0.0224
  seed 3 epoch 450/500: train acc 1.000, test acc 0.819, train loss 0.0013, test loss 0.0204
  seed 3 epoch 460/500: train acc 1.000, test acc 0.799, train loss 0.0015, test loss 0.0202
  seed 3 epoch 470/500: train acc 1.000, test acc 0.764, train loss 0.0013, test loss 0.0213
  seed 3 epoch 480/500: train acc 1.000, test acc 0.785, train loss 0.0014, test loss 0.0217
  seed 3 epoch 490/500: train acc 1.000, test acc 0.778, train loss 0.0011, test loss 0.0225
  seed 3 epoch 500/500: train acc 1.000, test acc 0.764, train loss 0.0013, test loss 0.0239
seed 3: max-over-epochs test acc 0.840 at epoch 315, final-epoch test acc 0.764, final train acc 1.000, params 44924, 51s
  seed 4 epoch  10/500: train acc 0.069, test acc 0.021, train loss 0.1157, test loss 0.1232
  seed 4 epoch  20/500: train acc 0.083, test acc 0.056, train loss 0.1135, test loss 0.1215
  seed 4 epoch  30/500: train acc 0.106, test acc 0.111, train loss 0.1043, test loss 0.1130
  seed 4 epoch  40/500: train acc 0.190, test acc 0.299, train loss 0.0913, test loss 0.0971
  seed 4 epoch  50/500: train acc 0.417, test acc 0.375, train loss 0.0722, test loss 0.0790
  seed 4 epoch  60/500: train acc 0.472, test acc 0.458, train loss 0.0594, test loss 0.0686
  seed 4 epoch  70/500: train acc 0.583, test acc 0.556, train loss 0.0504, test loss 0.0589
  seed 4 epoch  80/500: train acc 0.653, test acc 0.549, train loss 0.0409, test loss 0.0530
  seed 4 epoch  90/500: train acc 0.708, test acc 0.674, train loss 0.0360, test loss 0.0449
  seed 4 epoch 100/500: train acc 0.764, test acc 0.667, train loss 0.0309, test loss 0.0422
  seed 4 epoch 110/500: train acc 0.856, test acc 0.632, train loss 0.0243, test loss 0.0408
  seed 4 epoch 120/500: train acc 0.852, test acc 0.674, train loss 0.0234, test loss 0.0459
  seed 4 epoch 130/500: train acc 0.912, test acc 0.736, train loss 0.0169, test loss 0.0321
  seed 4 epoch 140/500: train acc 0.958, test acc 0.750, train loss 0.0136, test loss 0.0318
  seed 4 epoch 150/500: train acc 0.958, test acc 0.743, train loss 0.0109, test loss 0.0300
  seed 4 epoch 160/500: train acc 0.981, test acc 0.736, train loss 0.0106, test loss 0.0308
  seed 4 epoch 170/500: train acc 0.926, test acc 0.715, train loss 0.0142, test loss 0.0327
  seed 4 epoch 180/500: train acc 0.981, test acc 0.743, train loss 0.0102, test loss 0.0287
  seed 4 epoch 190/500: train acc 0.981, test acc 0.750, train loss 0.0070, test loss 0.0267
  seed 4 epoch 200/500: train acc 0.991, test acc 0.743, train loss 0.0060, test loss 0.0278
  seed 4 epoch 210/500: train acc 1.000, test acc 0.757, train loss 0.0049, test loss 0.0262
  seed 4 epoch 220/500: train acc 1.000, test acc 0.743, train loss 0.0041, test loss 0.0279
  seed 4 epoch 230/500: train acc 0.894, test acc 0.660, train loss 0.0150, test loss 0.0381
  seed 4 epoch 240/500: train acc 0.958, test acc 0.757, train loss 0.0084, test loss 0.0264
  seed 4 epoch 250/500: train acc 1.000, test acc 0.743, train loss 0.0045, test loss 0.0249
  seed 4 epoch 260/500: train acc 0.995, test acc 0.750, train loss 0.0035, test loss 0.0258
  seed 4 epoch 270/500: train acc 1.000, test acc 0.771, train loss 0.0031, test loss 0.0230
  seed 4 epoch 280/500: train acc 1.000, test acc 0.771, train loss 0.0030, test loss 0.0235
  seed 4 epoch 290/500: train acc 0.995, test acc 0.757, train loss 0.0029, test loss 0.0230
  seed 4 epoch 300/500: train acc 1.000, test acc 0.757, train loss 0.0028, test loss 0.0231
  seed 4 epoch 310/500: train acc 1.000, test acc 0.743, train loss 0.0025, test loss 0.0241
  seed 4 epoch 320/500: train acc 1.000, test acc 0.771, train loss 0.0023, test loss 0.0236
  seed 4 epoch 330/500: train acc 1.000, test acc 0.722, train loss 0.0026, test loss 0.0259
  seed 4 epoch 340/500: train acc 0.995, test acc 0.743, train loss 0.0025, test loss 0.0256
  seed 4 epoch 350/500: train acc 0.968, test acc 0.681, train loss 0.0070, test loss 0.0348
  seed 4 epoch 360/500: train acc 0.995, test acc 0.771, train loss 0.0045, test loss 0.0210
  seed 4 epoch 370/500: train acc 1.000, test acc 0.799, train loss 0.0026, test loss 0.0201
  seed 4 epoch 380/500: train acc 1.000, test acc 0.778, train loss 0.0027, test loss 0.0201
  seed 4 epoch 390/500: train acc 1.000, test acc 0.785, train loss 0.0019, test loss 0.0205
  seed 4 epoch 400/500: train acc 0.995, test acc 0.778, train loss 0.0017, test loss 0.0215
  seed 4 epoch 410/500: train acc 0.995, test acc 0.771, train loss 0.0020, test loss 0.0210
  seed 4 epoch 420/500: train acc 1.000, test acc 0.757, train loss 0.0016, test loss 0.0219
  seed 4 epoch 430/500: train acc 1.000, test acc 0.771, train loss 0.0016, test loss 0.0213
  seed 4 epoch 440/500: train acc 1.000, test acc 0.764, train loss 0.0017, test loss 0.0213
  seed 4 epoch 450/500: train acc 1.000, test acc 0.771, train loss 0.0015, test loss 0.0224
  seed 4 epoch 460/500: train acc 1.000, test acc 0.757, train loss 0.0014, test loss 0.0217
  seed 4 epoch 470/500: train acc 1.000, test acc 0.750, train loss 0.0014, test loss 0.0212
  seed 4 epoch 480/500: train acc 1.000, test acc 0.771, train loss 0.0014, test loss 0.0225
  seed 4 epoch 490/500: train acc 1.000, test acc 0.764, train loss 0.0011, test loss 0.0224
  seed 4 epoch 500/500: train acc 1.000, test acc 0.771, train loss 0.0016, test loss 0.0233
seed 4: max-over-epochs test acc 0.826 at epoch 363, final-epoch test acc 0.771, final train acc 1.000, params 44924, 52s
  seed 5 epoch  10/500: train acc 0.032, test acc 0.028, train loss 0.1158, test loss 0.1237
  seed 5 epoch  20/500: train acc 0.060, test acc 0.090, train loss 0.1140, test loss 0.1211
  seed 5 epoch  30/500: train acc 0.111, test acc 0.118, train loss 0.1046, test loss 0.1100
  seed 5 epoch  40/500: train acc 0.227, test acc 0.222, train loss 0.0916, test loss 0.0998
  seed 5 epoch  50/500: train acc 0.338, test acc 0.319, train loss 0.0783, test loss 0.0848
  seed 5 epoch  60/500: train acc 0.468, test acc 0.514, train loss 0.0610, test loss 0.0685
  seed 5 epoch  70/500: train acc 0.528, test acc 0.569, train loss 0.0508, test loss 0.0583
  seed 5 epoch  80/500: train acc 0.653, test acc 0.576, train loss 0.0413, test loss 0.0512
  seed 5 epoch  90/500: train acc 0.778, test acc 0.625, train loss 0.0312, test loss 0.0427
  seed 5 epoch 100/500: train acc 0.861, test acc 0.681, train loss 0.0249, test loss 0.0398
  seed 5 epoch 110/500: train acc 0.898, test acc 0.729, train loss 0.0207, test loss 0.0342
  seed 5 epoch 120/500: train acc 0.875, test acc 0.688, train loss 0.0202, test loss 0.0376
  seed 5 epoch 130/500: train acc 0.949, test acc 0.750, train loss 0.0151, test loss 0.0276
  seed 5 epoch 140/500: train acc 0.991, test acc 0.757, train loss 0.0100, test loss 0.0266
  seed 5 epoch 150/500: train acc 0.991, test acc 0.750, train loss 0.0086, test loss 0.0268
  seed 5 epoch 160/500: train acc 0.944, test acc 0.750, train loss 0.0098, test loss 0.0289
  seed 5 epoch 170/500: train acc 0.991, test acc 0.778, train loss 0.0067, test loss 0.0237
  seed 5 epoch 180/500: train acc 1.000, test acc 0.785, train loss 0.0058, test loss 0.0225
  seed 5 epoch 190/500: train acc 0.995, test acc 0.771, train loss 0.0048, test loss 0.0242
  seed 5 epoch 200/500: train acc 1.000, test acc 0.812, train loss 0.0041, test loss 0.0210
  seed 5 epoch 210/500: train acc 0.991, test acc 0.819, train loss 0.0041, test loss 0.0209
  seed 5 epoch 220/500: train acc 1.000, test acc 0.792, train loss 0.0037, test loss 0.0210
  seed 5 epoch 230/500: train acc 0.995, test acc 0.785, train loss 0.0037, test loss 0.0222
  seed 5 epoch 240/500: train acc 0.972, test acc 0.750, train loss 0.0070, test loss 0.0279
  seed 5 epoch 250/500: train acc 1.000, test acc 0.826, train loss 0.0035, test loss 0.0177
  seed 5 epoch 260/500: train acc 1.000, test acc 0.819, train loss 0.0029, test loss 0.0190
  seed 5 epoch 270/500: train acc 1.000, test acc 0.826, train loss 0.0025, test loss 0.0187
  seed 5 epoch 280/500: train acc 1.000, test acc 0.806, train loss 0.0023, test loss 0.0193
  seed 5 epoch 290/500: train acc 1.000, test acc 0.819, train loss 0.0022, test loss 0.0195
  seed 5 epoch 300/500: train acc 1.000, test acc 0.806, train loss 0.0020, test loss 0.0201
  seed 5 epoch 310/500: train acc 1.000, test acc 0.826, train loss 0.0019, test loss 0.0188
  seed 5 epoch 320/500: train acc 0.954, test acc 0.750, train loss 0.0081, test loss 0.0265
  seed 5 epoch 330/500: train acc 0.991, test acc 0.722, train loss 0.0034, test loss 0.0296
  seed 5 epoch 340/500: train acc 1.000, test acc 0.826, train loss 0.0020, test loss 0.0165
  seed 5 epoch 350/500: train acc 1.000, test acc 0.819, train loss 0.0016, test loss 0.0182
  seed 5 epoch 360/500: train acc 1.000, test acc 0.826, train loss 0.0016, test loss 0.0181
  seed 5 epoch 370/500: train acc 1.000, test acc 0.833, train loss 0.0015, test loss 0.0170
  seed 5 epoch 380/500: train acc 1.000, test acc 0.833, train loss 0.0014, test loss 0.0175
  seed 5 epoch 390/500: train acc 1.000, test acc 0.833, train loss 0.0016, test loss 0.0172
  seed 5 epoch 400/500: train acc 1.000, test acc 0.819, train loss 0.0015, test loss 0.0192
  seed 5 epoch 410/500: train acc 1.000, test acc 0.826, train loss 0.0012, test loss 0.0177
  seed 5 epoch 420/500: train acc 1.000, test acc 0.833, train loss 0.0012, test loss 0.0189
  seed 5 epoch 430/500: train acc 1.000, test acc 0.833, train loss 0.0013, test loss 0.0192
  seed 5 epoch 440/500: train acc 1.000, test acc 0.819, train loss 0.0014, test loss 0.0187
  seed 5 epoch 450/500: train acc 1.000, test acc 0.799, train loss 0.0012, test loss 0.0208
  seed 5 epoch 460/500: train acc 1.000, test acc 0.812, train loss 0.0014, test loss 0.0192
  seed 5 epoch 470/500: train acc 1.000, test acc 0.833, train loss 0.0011, test loss 0.0181
  seed 5 epoch 480/500: train acc 0.921, test acc 0.743, train loss 0.0097, test loss 0.0268
  seed 5 epoch 490/500: train acc 0.986, test acc 0.799, train loss 0.0041, test loss 0.0196
  seed 5 epoch 500/500: train acc 1.000, test acc 0.854, train loss 0.0013, test loss 0.0130
seed 5: max-over-epochs test acc 0.868 at epoch 496, final-epoch test acc 0.854, final train acc 1.000, params 44924, 51s
  seed 6 epoch  10/500: train acc 0.056, test acc 0.062, train loss 0.1151, test loss 0.1231
  seed 6 epoch  20/500: train acc 0.074, test acc 0.090, train loss 0.1121, test loss 0.1197
  seed 6 epoch  30/500: train acc 0.162, test acc 0.160, train loss 0.1004, test loss 0.1094
  seed 6 epoch  40/500: train acc 0.231, test acc 0.257, train loss 0.0852, test loss 0.0958
  seed 6 epoch  50/500: train acc 0.301, test acc 0.382, train loss 0.0734, test loss 0.0810
  seed 6 epoch  60/500: train acc 0.458, test acc 0.424, train loss 0.0638, test loss 0.0749
  seed 6 epoch  70/500: train acc 0.519, test acc 0.451, train loss 0.0546, test loss 0.0693
  seed 6 epoch  80/500: train acc 0.634, test acc 0.444, train loss 0.0444, test loss 0.0627
  seed 6 epoch  90/500: train acc 0.648, test acc 0.451, train loss 0.0434, test loss 0.0644
  seed 6 epoch 100/500: train acc 0.764, test acc 0.590, train loss 0.0335, test loss 0.0524
  seed 6 epoch 110/500: train acc 0.787, test acc 0.514, train loss 0.0297, test loss 0.0521
  seed 6 epoch 120/500: train acc 0.838, test acc 0.576, train loss 0.0235, test loss 0.0480
  seed 6 epoch 130/500: train acc 0.838, test acc 0.590, train loss 0.0227, test loss 0.0461
  seed 6 epoch 140/500: train acc 0.889, test acc 0.632, train loss 0.0166, test loss 0.0434
  seed 6 epoch 150/500: train acc 0.921, test acc 0.639, train loss 0.0156, test loss 0.0414
  seed 6 epoch 160/500: train acc 0.944, test acc 0.646, train loss 0.0133, test loss 0.0438
  seed 6 epoch 170/500: train acc 0.977, test acc 0.646, train loss 0.0098, test loss 0.0365
  seed 6 epoch 180/500: train acc 0.972, test acc 0.646, train loss 0.0097, test loss 0.0389
  seed 6 epoch 190/500: train acc 0.981, test acc 0.660, train loss 0.0079, test loss 0.0396
  seed 6 epoch 200/500: train acc 0.991, test acc 0.694, train loss 0.0064, test loss 0.0350
  seed 6 epoch 210/500: train acc 0.991, test acc 0.722, train loss 0.0064, test loss 0.0332
  seed 6 epoch 220/500: train acc 0.995, test acc 0.694, train loss 0.0056, test loss 0.0361
  seed 6 epoch 230/500: train acc 0.981, test acc 0.681, train loss 0.0075, test loss 0.0325
  seed 6 epoch 240/500: train acc 0.921, test acc 0.660, train loss 0.0106, test loss 0.0400
  seed 6 epoch 250/500: train acc 0.968, test acc 0.694, train loss 0.0064, test loss 0.0328
  seed 6 epoch 260/500: train acc 1.000, test acc 0.736, train loss 0.0043, test loss 0.0301
  seed 6 epoch 270/500: train acc 1.000, test acc 0.757, train loss 0.0036, test loss 0.0298
  seed 6 epoch 280/500: train acc 1.000, test acc 0.729, train loss 0.0033, test loss 0.0315
  seed 6 epoch 290/500: train acc 1.000, test acc 0.729, train loss 0.0030, test loss 0.0316
  seed 6 epoch 300/500: train acc 1.000, test acc 0.708, train loss 0.0023, test loss 0.0348
  seed 6 epoch 310/500: train acc 1.000, test acc 0.701, train loss 0.0030, test loss 0.0353
  seed 6 epoch 320/500: train acc 1.000, test acc 0.722, train loss 0.0026, test loss 0.0331
  seed 6 epoch 330/500: train acc 1.000, test acc 0.722, train loss 0.0024, test loss 0.0345
  seed 6 epoch 340/500: train acc 0.903, test acc 0.681, train loss 0.0161, test loss 0.0371
  seed 6 epoch 350/500: train acc 0.995, test acc 0.792, train loss 0.0037, test loss 0.0262
  seed 6 epoch 360/500: train acc 0.995, test acc 0.771, train loss 0.0029, test loss 0.0263
  seed 6 epoch 370/500: train acc 0.995, test acc 0.778, train loss 0.0028, test loss 0.0264
  seed 6 epoch 380/500: train acc 1.000, test acc 0.771, train loss 0.0023, test loss 0.0275
  seed 6 epoch 390/500: train acc 1.000, test acc 0.750, train loss 0.0021, test loss 0.0283
  seed 6 epoch 400/500: train acc 0.995, test acc 0.771, train loss 0.0019, test loss 0.0283
  seed 6 epoch 410/500: train acc 1.000, test acc 0.771, train loss 0.0019, test loss 0.0272
  seed 6 epoch 420/500: train acc 1.000, test acc 0.771, train loss 0.0018, test loss 0.0282
  seed 6 epoch 430/500: train acc 1.000, test acc 0.785, train loss 0.0023, test loss 0.0275
  seed 6 epoch 440/500: train acc 0.917, test acc 0.660, train loss 0.0091, test loss 0.0390
  seed 6 epoch 450/500: train acc 0.972, test acc 0.722, train loss 0.0050, test loss 0.0300
  seed 6 epoch 460/500: train acc 1.000, test acc 0.785, train loss 0.0018, test loss 0.0231
  seed 6 epoch 470/500: train acc 1.000, test acc 0.771, train loss 0.0016, test loss 0.0249
  seed 6 epoch 480/500: train acc 1.000, test acc 0.778, train loss 0.0016, test loss 0.0258
  seed 6 epoch 490/500: train acc 1.000, test acc 0.771, train loss 0.0017, test loss 0.0250
  seed 6 epoch 500/500: train acc 1.000, test acc 0.764, train loss 0.0015, test loss 0.0263
seed 6: max-over-epochs test acc 0.799 at epoch 422, final-epoch test acc 0.764, final train acc 1.000, params 44924, 52s
  seed 7 epoch  10/500: train acc 0.042, test acc 0.042, train loss 0.1158, test loss 0.1235
  seed 7 epoch  20/500: train acc 0.056, test acc 0.104, train loss 0.1141, test loss 0.1216
  seed 7 epoch  30/500: train acc 0.181, test acc 0.174, train loss 0.1076, test loss 0.1150
  seed 7 epoch  40/500: train acc 0.231, test acc 0.299, train loss 0.0879, test loss 0.0933
  seed 7 epoch  50/500: train acc 0.366, test acc 0.410, train loss 0.0688, test loss 0.0766
  seed 7 epoch  60/500: train acc 0.509, test acc 0.500, train loss 0.0568, test loss 0.0633
  seed 7 epoch  70/500: train acc 0.556, test acc 0.653, train loss 0.0473, test loss 0.0531
  seed 7 epoch  80/500: train acc 0.745, test acc 0.639, train loss 0.0368, test loss 0.0475
  seed 7 epoch  90/500: train acc 0.806, test acc 0.667, train loss 0.0314, test loss 0.0422
  seed 7 epoch 100/500: train acc 0.880, test acc 0.688, train loss 0.0239, test loss 0.0375
  seed 7 epoch 110/500: train acc 0.898, test acc 0.604, train loss 0.0205, test loss 0.0407
  seed 7 epoch 120/500: train acc 0.921, test acc 0.715, train loss 0.0170, test loss 0.0311
  seed 7 epoch 130/500: train acc 0.981, test acc 0.694, train loss 0.0126, test loss 0.0309
  seed 7 epoch 140/500: train acc 0.926, test acc 0.667, train loss 0.0155, test loss 0.0324
  seed 7 epoch 150/500: train acc 0.995, test acc 0.729, train loss 0.0095, test loss 0.0298
  seed 7 epoch 160/500: train acc 0.991, test acc 0.694, train loss 0.0084, test loss 0.0287
  seed 7 epoch 170/500: train acc 1.000, test acc 0.729, train loss 0.0066, test loss 0.0290
  seed 7 epoch 180/500: train acc 0.995, test acc 0.681, train loss 0.0067, test loss 0.0305
  seed 7 epoch 190/500: train acc 1.000, test acc 0.701, train loss 0.0054, test loss 0.0307
  seed 7 epoch 200/500: train acc 0.995, test acc 0.694, train loss 0.0048, test loss 0.0298
  seed 7 epoch 210/500: train acc 0.991, test acc 0.701, train loss 0.0048, test loss 0.0313
  seed 7 epoch 220/500: train acc 0.995, test acc 0.729, train loss 0.0049, test loss 0.0276
  seed 7 epoch 230/500: train acc 0.995, test acc 0.694, train loss 0.0043, test loss 0.0310
  seed 7 epoch 240/500: train acc 1.000, test acc 0.708, train loss 0.0034, test loss 0.0307
  seed 7 epoch 250/500: train acc 0.935, test acc 0.729, train loss 0.0099, test loss 0.0300
  seed 7 epoch 260/500: train acc 0.995, test acc 0.757, train loss 0.0038, test loss 0.0268
  seed 7 epoch 270/500: train acc 1.000, test acc 0.778, train loss 0.0028, test loss 0.0248
  seed 7 epoch 280/500: train acc 1.000, test acc 0.778, train loss 0.0031, test loss 0.0250
  seed 7 epoch 290/500: train acc 1.000, test acc 0.743, train loss 0.0024, test loss 0.0277
  seed 7 epoch 300/500: train acc 1.000, test acc 0.750, train loss 0.0026, test loss 0.0278
  seed 7 epoch 310/500: train acc 1.000, test acc 0.736, train loss 0.0027, test loss 0.0280
  seed 7 epoch 320/500: train acc 0.995, test acc 0.736, train loss 0.0024, test loss 0.0281
  seed 7 epoch 330/500: train acc 1.000, test acc 0.771, train loss 0.0022, test loss 0.0280
  seed 7 epoch 340/500: train acc 0.847, test acc 0.646, train loss 0.0190, test loss 0.0369
  seed 7 epoch 350/500: train acc 0.995, test acc 0.785, train loss 0.0029, test loss 0.0223
  seed 7 epoch 360/500: train acc 1.000, test acc 0.792, train loss 0.0020, test loss 0.0222
  seed 7 epoch 370/500: train acc 1.000, test acc 0.771, train loss 0.0023, test loss 0.0236
  seed 7 epoch 380/500: train acc 0.995, test acc 0.785, train loss 0.0018, test loss 0.0241
  seed 7 epoch 390/500: train acc 1.000, test acc 0.792, train loss 0.0020, test loss 0.0238
  seed 7 epoch 400/500: train acc 0.995, test acc 0.771, train loss 0.0019, test loss 0.0246
  seed 7 epoch 410/500: train acc 1.000, test acc 0.771, train loss 0.0016, test loss 0.0263
  seed 7 epoch 420/500: train acc 1.000, test acc 0.771, train loss 0.0018, test loss 0.0258
  seed 7 epoch 430/500: train acc 1.000, test acc 0.771, train loss 0.0018, test loss 0.0254
  seed 7 epoch 440/500: train acc 1.000, test acc 0.757, train loss 0.0021, test loss 0.0280
  seed 7 epoch 450/500: train acc 1.000, test acc 0.771, train loss 0.0017, test loss 0.0284
  seed 7 epoch 460/500: train acc 1.000, test acc 0.750, train loss 0.0015, test loss 0.0288
  seed 7 epoch 470/500: train acc 1.000, test acc 0.757, train loss 0.0016, test loss 0.0292
  seed 7 epoch 480/500: train acc 1.000, test acc 0.736, train loss 0.0014, test loss 0.0284
  seed 7 epoch 490/500: train acc 0.995, test acc 0.757, train loss 0.0017, test loss 0.0288
  seed 7 epoch 500/500: train acc 0.986, test acc 0.701, train loss 0.0040, test loss 0.0331
seed 7: max-over-epochs test acc 0.806 at epoch 352, final-epoch test acc 0.701, final train acc 0.986, params 44924, 53s
  seed 8 epoch  10/500: train acc 0.023, test acc 0.028, train loss 0.1170, test loss 0.1229
  seed 8 epoch  20/500: train acc 0.056, test acc 0.111, train loss 0.1131, test loss 0.1209
  seed 8 epoch  30/500: train acc 0.134, test acc 0.222, train loss 0.1053, test loss 0.1127
  seed 8 epoch  40/500: train acc 0.194, test acc 0.229, train loss 0.0884, test loss 0.0967
  seed 8 epoch  50/500: train acc 0.315, test acc 0.403, train loss 0.0744, test loss 0.0806
  seed 8 epoch  60/500: train acc 0.458, test acc 0.410, train loss 0.0637, test loss 0.0743
  seed 8 epoch  70/500: train acc 0.519, test acc 0.514, train loss 0.0553, test loss 0.0661
  seed 8 epoch  80/500: train acc 0.657, test acc 0.556, train loss 0.0465, test loss 0.0616
  seed 8 epoch  90/500: train acc 0.713, test acc 0.556, train loss 0.0402, test loss 0.0566
  seed 8 epoch 100/500: train acc 0.745, test acc 0.618, train loss 0.0346, test loss 0.0520
  seed 8 epoch 110/500: train acc 0.792, test acc 0.597, train loss 0.0281, test loss 0.0488
  seed 8 epoch 120/500: train acc 0.856, test acc 0.625, train loss 0.0251, test loss 0.0460
  seed 8 epoch 130/500: train acc 0.940, test acc 0.688, train loss 0.0181, test loss 0.0412
  seed 8 epoch 140/500: train acc 0.912, test acc 0.653, train loss 0.0173, test loss 0.0429
  seed 8 epoch 150/500: train acc 0.954, test acc 0.681, train loss 0.0122, test loss 0.0374
  seed 8 epoch 160/500: train acc 0.968, test acc 0.646, train loss 0.0122, test loss 0.0388
  seed 8 epoch 170/500: train acc 0.995, test acc 0.736, train loss 0.0088, test loss 0.0347
  seed 8 epoch 180/500: train acc 0.986, test acc 0.708, train loss 0.0090, test loss 0.0361
  seed 8 epoch 190/500: train acc 0.995, test acc 0.715, train loss 0.0066, test loss 0.0343
  seed 8 epoch 200/500: train acc 1.000, test acc 0.743, train loss 0.0051, test loss 0.0339
  seed 8 epoch 210/500: train acc 0.991, test acc 0.694, train loss 0.0055, test loss 0.0354
  seed 8 epoch 220/500: train acc 0.917, test acc 0.701, train loss 0.0130, test loss 0.0331
  seed 8 epoch 230/500: train acc 0.995, test acc 0.736, train loss 0.0043, test loss 0.0304
  seed 8 epoch 240/500: train acc 1.000, test acc 0.729, train loss 0.0034, test loss 0.0325
  seed 8 epoch 250/500: train acc 1.000, test acc 0.729, train loss 0.0028, test loss 0.0305
  seed 8 epoch 260/500: train acc 0.995, test acc 0.715, train loss 0.0035, test loss 0.0313
  seed 8 epoch 270/500: train acc 1.000, test acc 0.715, train loss 0.0031, test loss 0.0314
  seed 8 epoch 280/500: train acc 1.000, test acc 0.750, train loss 0.0028, test loss 0.0313
  seed 8 epoch 290/500: train acc 1.000, test acc 0.743, train loss 0.0025, test loss 0.0325
  seed 8 epoch 300/500: train acc 1.000, test acc 0.715, train loss 0.0027, test loss 0.0337
  seed 8 epoch 310/500: train acc 0.954, test acc 0.694, train loss 0.0058, test loss 0.0327
  seed 8 epoch 320/500: train acc 0.949, test acc 0.729, train loss 0.0080, test loss 0.0326
  seed 8 epoch 330/500: train acc 1.000, test acc 0.750, train loss 0.0021, test loss 0.0287
  seed 8 epoch 340/500: train acc 1.000, test acc 0.757, train loss 0.0020, test loss 0.0270
  seed 8 epoch 350/500: train acc 1.000, test acc 0.757, train loss 0.0018, test loss 0.0274
  seed 8 epoch 360/500: train acc 1.000, test acc 0.764, train loss 0.0017, test loss 0.0270
  seed 8 epoch 370/500: train acc 1.000, test acc 0.743, train loss 0.0019, test loss 0.0298
  seed 8 epoch 380/500: train acc 1.000, test acc 0.743, train loss 0.0017, test loss 0.0300
  seed 8 epoch 390/500: train acc 1.000, test acc 0.715, train loss 0.0015, test loss 0.0305
  seed 8 epoch 400/500: train acc 1.000, test acc 0.722, train loss 0.0018, test loss 0.0309
  seed 8 epoch 410/500: train acc 1.000, test acc 0.715, train loss 0.0015, test loss 0.0305
  seed 8 epoch 420/500: train acc 1.000, test acc 0.708, train loss 0.0016, test loss 0.0319
  seed 8 epoch 430/500: train acc 1.000, test acc 0.722, train loss 0.0016, test loss 0.0323
  seed 8 epoch 440/500: train acc 1.000, test acc 0.722, train loss 0.0015, test loss 0.0316
  seed 8 epoch 450/500: train acc 0.875, test acc 0.618, train loss 0.0149, test loss 0.0451
  seed 8 epoch 460/500: train acc 1.000, test acc 0.736, train loss 0.0029, test loss 0.0275
  seed 8 epoch 470/500: train acc 1.000, test acc 0.750, train loss 0.0017, test loss 0.0268
  seed 8 epoch 480/500: train acc 1.000, test acc 0.757, train loss 0.0014, test loss 0.0260
  seed 8 epoch 490/500: train acc 1.000, test acc 0.757, train loss 0.0011, test loss 0.0263
  seed 8 epoch 500/500: train acc 1.000, test acc 0.750, train loss 0.0012, test loss 0.0273
seed 8: max-over-epochs test acc 0.792 at epoch 467, final-epoch test acc 0.750, final train acc 1.000, params 44924, 52s
  seed 9 epoch  10/500: train acc 0.046, test acc 0.035, train loss 0.1152, test loss 0.1238
  seed 9 epoch  20/500: train acc 0.056, test acc 0.167, train loss 0.1147, test loss 0.1219
  seed 9 epoch  30/500: train acc 0.148, test acc 0.201, train loss 0.1062, test loss 0.1131
  seed 9 epoch  40/500: train acc 0.176, test acc 0.167, train loss 0.0892, test loss 0.0964
  seed 9 epoch  50/500: train acc 0.310, test acc 0.396, train loss 0.0754, test loss 0.0833
  seed 9 epoch  60/500: train acc 0.431, test acc 0.458, train loss 0.0642, test loss 0.0716
  seed 9 epoch  70/500: train acc 0.500, test acc 0.562, train loss 0.0541, test loss 0.0651
  seed 9 epoch  80/500: train acc 0.653, test acc 0.618, train loss 0.0413, test loss 0.0526
  seed 9 epoch  90/500: train acc 0.699, test acc 0.667, train loss 0.0351, test loss 0.0446
  seed 9 epoch 100/500: train acc 0.856, test acc 0.653, train loss 0.0279, test loss 0.0412
  seed 9 epoch 110/500: train acc 0.852, test acc 0.722, train loss 0.0220, test loss 0.0380
  seed 9 epoch 120/500: train acc 0.949, test acc 0.722, train loss 0.0174, test loss 0.0342
  seed 9 epoch 130/500: train acc 0.968, test acc 0.743, train loss 0.0152, test loss 0.0329
  seed 9 epoch 140/500: train acc 0.995, test acc 0.736, train loss 0.0123, test loss 0.0333
  seed 9 epoch 150/500: train acc 0.995, test acc 0.785, train loss 0.0105, test loss 0.0280
  seed 9 epoch 160/500: train acc 0.991, test acc 0.750, train loss 0.0084, test loss 0.0286
  seed 9 epoch 170/500: train acc 0.880, test acc 0.681, train loss 0.0170, test loss 0.0376
  seed 9 epoch 180/500: train acc 0.991, test acc 0.771, train loss 0.0080, test loss 0.0266
  seed 9 epoch 190/500: train acc 0.995, test acc 0.785, train loss 0.0054, test loss 0.0240
  seed 9 epoch 200/500: train acc 1.000, test acc 0.799, train loss 0.0049, test loss 0.0244
  seed 9 epoch 210/500: train acc 0.995, test acc 0.778, train loss 0.0049, test loss 0.0247
  seed 9 epoch 220/500: train acc 1.000, test acc 0.792, train loss 0.0045, test loss 0.0249
  seed 9 epoch 230/500: train acc 0.981, test acc 0.729, train loss 0.0053, test loss 0.0336
  seed 9 epoch 240/500: train acc 1.000, test acc 0.812, train loss 0.0053, test loss 0.0234
  seed 9 epoch 250/500: train acc 0.995, test acc 0.799, train loss 0.0042, test loss 0.0219
  seed 9 epoch 260/500: train acc 1.000, test acc 0.778, train loss 0.0030, test loss 0.0222
  seed 9 epoch 270/500: train acc 1.000, test acc 0.785, train loss 0.0026, test loss 0.0234
  seed 9 epoch 280/500: train acc 1.000, test acc 0.806, train loss 0.0027, test loss 0.0223
  seed 9 epoch 290/500: train acc 1.000, test acc 0.785, train loss 0.0020, test loss 0.0235
  seed 9 epoch 300/500: train acc 1.000, test acc 0.806, train loss 0.0023, test loss 0.0226
  seed 9 epoch 310/500: train acc 1.000, test acc 0.799, train loss 0.0021, test loss 0.0225
  seed 9 epoch 320/500: train acc 1.000, test acc 0.785, train loss 0.0021, test loss 0.0243
  seed 9 epoch 330/500: train acc 0.935, test acc 0.729, train loss 0.0073, test loss 0.0286
  seed 9 epoch 340/500: train acc 1.000, test acc 0.757, train loss 0.0033, test loss 0.0232
  seed 9 epoch 350/500: train acc 1.000, test acc 0.799, train loss 0.0020, test loss 0.0224
  seed 9 epoch 360/500: train acc 1.000, test acc 0.785, train loss 0.0020, test loss 0.0225
  seed 9 epoch 370/500: train acc 1.000, test acc 0.806, train loss 0.0020, test loss 0.0215
  seed 9 epoch 380/500: train acc 1.000, test acc 0.806, train loss 0.0014, test loss 0.0210
  seed 9 epoch 390/500: train acc 1.000, test acc 0.812, train loss 0.0014, test loss 0.0208
  seed 9 epoch 400/500: train acc 1.000, test acc 0.785, train loss 0.0015, test loss 0.0239
  seed 9 epoch 410/500: train acc 1.000, test acc 0.792, train loss 0.0017, test loss 0.0235
  seed 9 epoch 420/500: train acc 1.000, test acc 0.785, train loss 0.0014, test loss 0.0230
  seed 9 epoch 430/500: train acc 1.000, test acc 0.806, train loss 0.0016, test loss 0.0220
  seed 9 epoch 440/500: train acc 1.000, test acc 0.792, train loss 0.0014, test loss 0.0226
  seed 9 epoch 450/500: train acc 1.000, test acc 0.819, train loss 0.0014, test loss 0.0218
  seed 9 epoch 460/500: train acc 1.000, test acc 0.771, train loss 0.0013, test loss 0.0226
  seed 9 epoch 470/500: train acc 0.852, test acc 0.625, train loss 0.0174, test loss 0.0397
  seed 9 epoch 480/500: train acc 1.000, test acc 0.819, train loss 0.0022, test loss 0.0172
  seed 9 epoch 490/500: train acc 0.995, test acc 0.840, train loss 0.0018, test loss 0.0164
  seed 9 epoch 500/500: train acc 1.000, test acc 0.819, train loss 0.0014, test loss 0.0179
seed 9: max-over-epochs test acc 0.854 at epoch 477, final-epoch test acc 0.819, final train acc 1.000, params 44924, 51s
--> allWords_Voiced: max-over-epochs 0.816 ± 0.029, final epoch 0.765 ± 0.041, best epoch median 410 (range 315-496)
=== allWords_Unvoiced: train (216, 22, 7500), test (144, 22, 7500)
  seed 0 epoch  10/500: train acc 0.028, test acc 0.028, train loss 0.1160, test loss 0.1233
  seed 0 epoch  20/500: train acc 0.079, test acc 0.097, train loss 0.1134, test loss 0.1213
  seed 0 epoch  30/500: train acc 0.134, test acc 0.118, train loss 0.1018, test loss 0.1095
  seed 0 epoch  40/500: train acc 0.208, test acc 0.257, train loss 0.0833, test loss 0.0938
  seed 0 epoch  50/500: train acc 0.375, test acc 0.444, train loss 0.0691, test loss 0.0767
  seed 0 epoch  60/500: train acc 0.375, test acc 0.472, train loss 0.0660, test loss 0.0700
  seed 0 epoch  70/500: train acc 0.569, test acc 0.611, train loss 0.0479, test loss 0.0593
  seed 0 epoch  80/500: train acc 0.690, test acc 0.653, train loss 0.0379, test loss 0.0519
  seed 0 epoch  90/500: train acc 0.648, test acc 0.604, train loss 0.0354, test loss 0.0500
  seed 0 epoch 100/500: train acc 0.875, test acc 0.667, train loss 0.0248, test loss 0.0452
  seed 0 epoch 110/500: train acc 0.866, test acc 0.688, train loss 0.0210, test loss 0.0414
  seed 0 epoch 120/500: train acc 0.903, test acc 0.660, train loss 0.0194, test loss 0.0425
  seed 0 epoch 130/500: train acc 0.917, test acc 0.715, train loss 0.0168, test loss 0.0383
  seed 0 epoch 140/500: train acc 0.907, test acc 0.674, train loss 0.0141, test loss 0.0390
  seed 0 epoch 150/500: train acc 0.949, test acc 0.653, train loss 0.0126, test loss 0.0408
  seed 0 epoch 160/500: train acc 0.991, test acc 0.694, train loss 0.0091, test loss 0.0371
  seed 0 epoch 170/500: train acc 0.986, test acc 0.681, train loss 0.0078, test loss 0.0364
  seed 0 epoch 180/500: train acc 0.995, test acc 0.715, train loss 0.0066, test loss 0.0360
  seed 0 epoch 190/500: train acc 0.981, test acc 0.694, train loss 0.0090, test loss 0.0350
  seed 0 epoch 200/500: train acc 0.815, test acc 0.660, train loss 0.0228, test loss 0.0407
  seed 0 epoch 210/500: train acc 0.944, test acc 0.674, train loss 0.0129, test loss 0.0370
  seed 0 epoch 220/500: train acc 0.977, test acc 0.653, train loss 0.0093, test loss 0.0389
  seed 0 epoch 230/500: train acc 0.995, test acc 0.660, train loss 0.0072, test loss 0.0366
  seed 0 epoch 240/500: train acc 0.995, test acc 0.667, train loss 0.0061, test loss 0.0390
  seed 0 epoch 250/500: train acc 0.986, test acc 0.674, train loss 0.0057, test loss 0.0356
  seed 0 epoch 260/500: train acc 0.991, test acc 0.660, train loss 0.0047, test loss 0.0371
  seed 0 epoch 270/500: train acc 0.991, test acc 0.653, train loss 0.0042, test loss 0.0364
  seed 0 epoch 280/500: train acc 1.000, test acc 0.667, train loss 0.0041, test loss 0.0372
  seed 0 epoch 290/500: train acc 1.000, test acc 0.681, train loss 0.0028, test loss 0.0373
  seed 0 epoch 300/500: train acc 0.995, test acc 0.660, train loss 0.0037, test loss 0.0363
  seed 0 epoch 310/500: train acc 1.000, test acc 0.660, train loss 0.0028, test loss 0.0381
  seed 0 epoch 320/500: train acc 0.926, test acc 0.576, train loss 0.0094, test loss 0.0524
  seed 0 epoch 330/500: train acc 1.000, test acc 0.743, train loss 0.0027, test loss 0.0298
  seed 0 epoch 340/500: train acc 1.000, test acc 0.708, train loss 0.0026, test loss 0.0318
  seed 0 epoch 350/500: train acc 0.995, test acc 0.667, train loss 0.0021, test loss 0.0330
  seed 0 epoch 360/500: train acc 1.000, test acc 0.688, train loss 0.0022, test loss 0.0353
  seed 0 epoch 370/500: train acc 1.000, test acc 0.674, train loss 0.0022, test loss 0.0328
  seed 0 epoch 380/500: train acc 1.000, test acc 0.729, train loss 0.0020, test loss 0.0336
  seed 0 epoch 390/500: train acc 1.000, test acc 0.694, train loss 0.0023, test loss 0.0334
  seed 0 epoch 400/500: train acc 0.995, test acc 0.694, train loss 0.0039, test loss 0.0371
  seed 0 epoch 410/500: train acc 1.000, test acc 0.729, train loss 0.0021, test loss 0.0319
  seed 0 epoch 420/500: train acc 1.000, test acc 0.722, train loss 0.0020, test loss 0.0321
  seed 0 epoch 430/500: train acc 1.000, test acc 0.708, train loss 0.0018, test loss 0.0335
  seed 0 epoch 440/500: train acc 1.000, test acc 0.688, train loss 0.0018, test loss 0.0346
  seed 0 epoch 450/500: train acc 0.898, test acc 0.660, train loss 0.0107, test loss 0.0374
  seed 0 epoch 460/500: train acc 1.000, test acc 0.715, train loss 0.0023, test loss 0.0340
  seed 0 epoch 470/500: train acc 1.000, test acc 0.688, train loss 0.0021, test loss 0.0359
  seed 0 epoch 480/500: train acc 1.000, test acc 0.694, train loss 0.0018, test loss 0.0351
  seed 0 epoch 490/500: train acc 1.000, test acc 0.701, train loss 0.0014, test loss 0.0365
  seed 0 epoch 500/500: train acc 0.995, test acc 0.694, train loss 0.0022, test loss 0.0361
seed 0: max-over-epochs test acc 0.764 at epoch 329, final-epoch test acc 0.694, final train acc 0.995, params 44924, 51s
  seed 1 epoch  10/500: train acc 0.042, test acc 0.083, train loss 0.1158, test loss 0.1232
  seed 1 epoch  20/500: train acc 0.074, test acc 0.118, train loss 0.1138, test loss 0.1220
  seed 1 epoch  30/500: train acc 0.125, test acc 0.097, train loss 0.1064, test loss 0.1127
  seed 1 epoch  40/500: train acc 0.236, test acc 0.201, train loss 0.0869, test loss 0.0970
  seed 1 epoch  50/500: train acc 0.282, test acc 0.271, train loss 0.0768, test loss 0.0914
  seed 1 epoch  60/500: train acc 0.403, test acc 0.354, train loss 0.0680, test loss 0.0823
  seed 1 epoch  70/500: train acc 0.431, test acc 0.396, train loss 0.0573, test loss 0.0762
  seed 1 epoch  80/500: train acc 0.565, test acc 0.444, train loss 0.0506, test loss 0.0679
  seed 1 epoch  90/500: train acc 0.639, test acc 0.528, train loss 0.0429, test loss 0.0626
  seed 1 epoch 100/500: train acc 0.792, test acc 0.549, train loss 0.0337, test loss 0.0585
  seed 1 epoch 110/500: train acc 0.815, test acc 0.556, train loss 0.0307, test loss 0.0557
  seed 1 epoch 120/500: train acc 0.824, test acc 0.569, train loss 0.0263, test loss 0.0542
  seed 1 epoch 130/500: train acc 0.917, test acc 0.521, train loss 0.0222, test loss 0.0527
  seed 1 epoch 140/500: train acc 0.866, test acc 0.507, train loss 0.0206, test loss 0.0575
  seed 1 epoch 150/500: train acc 0.949, test acc 0.569, train loss 0.0154, test loss 0.0489
  seed 1 epoch 160/500: train acc 0.940, test acc 0.590, train loss 0.0131, test loss 0.0473
  seed 1 epoch 170/500: train acc 0.981, test acc 0.632, train loss 0.0119, test loss 0.0466
  seed 1 epoch 180/500: train acc 0.977, test acc 0.590, train loss 0.0111, test loss 0.0481
  seed 1 epoch 190/500: train acc 0.986, test acc 0.556, train loss 0.0095, test loss 0.0486
  seed 1 epoch 200/500: train acc 0.986, test acc 0.583, train loss 0.0079, test loss 0.0510
  seed 1 epoch 210/500: train acc 0.968, test acc 0.618, train loss 0.0087, test loss 0.0464
  seed 1 epoch 220/500: train acc 0.977, test acc 0.569, train loss 0.0079, test loss 0.0487
  seed 1 epoch 230/500: train acc 0.995, test acc 0.632, train loss 0.0051, test loss 0.0458
  seed 1 epoch 240/500: train acc 0.991, test acc 0.632, train loss 0.0050, test loss 0.0450
  seed 1 epoch 250/500: train acc 1.000, test acc 0.569, train loss 0.0051, test loss 0.0516
  seed 1 epoch 260/500: train acc 0.995, test acc 0.632, train loss 0.0048, test loss 0.0449
  seed 1 epoch 270/500: train acc 0.870, test acc 0.576, train loss 0.0161, test loss 0.0493
  seed 1 epoch 280/500: train acc 0.986, test acc 0.611, train loss 0.0046, test loss 0.0440
  seed 1 epoch 290/500: train acc 1.000, test acc 0.639, train loss 0.0039, test loss 0.0445
  seed 1 epoch 300/500: train acc 1.000, test acc 0.618, train loss 0.0027, test loss 0.0462
  seed 1 epoch 310/500: train acc 1.000, test acc 0.597, train loss 0.0029, test loss 0.0476
  seed 1 epoch 320/500: train acc 1.000, test acc 0.618, train loss 0.0027, test loss 0.0481
  seed 1 epoch 330/500: train acc 1.000, test acc 0.639, train loss 0.0030, test loss 0.0480
  seed 1 epoch 340/500: train acc 1.000, test acc 0.632, train loss 0.0024, test loss 0.0463
  seed 1 epoch 350/500: train acc 0.995, test acc 0.632, train loss 0.0024, test loss 0.0472
  seed 1 epoch 360/500: train acc 1.000, test acc 0.618, train loss 0.0024, test loss 0.0461
  seed 1 epoch 370/500: train acc 0.778, test acc 0.486, train loss 0.0204, test loss 0.0601
  seed 1 epoch 380/500: train acc 0.995, test acc 0.632, train loss 0.0030, test loss 0.0468
  seed 1 epoch 390/500: train acc 1.000, test acc 0.618, train loss 0.0025, test loss 0.0470
  seed 1 epoch 400/500: train acc 1.000, test acc 0.660, train loss 0.0019, test loss 0.0451
  seed 1 epoch 410/500: train acc 1.000, test acc 0.597, train loss 0.0023, test loss 0.0455
  seed 1 epoch 420/500: train acc 1.000, test acc 0.597, train loss 0.0019, test loss 0.0451
  seed 1 epoch 430/500: train acc 1.000, test acc 0.625, train loss 0.0019, test loss 0.0463
  seed 1 epoch 440/500: train acc 1.000, test acc 0.590, train loss 0.0018, test loss 0.0482
  seed 1 epoch 450/500: train acc 1.000, test acc 0.618, train loss 0.0018, test loss 0.0480
  seed 1 epoch 460/500: train acc 1.000, test acc 0.618, train loss 0.0019, test loss 0.0479
  seed 1 epoch 470/500: train acc 1.000, test acc 0.639, train loss 0.0018, test loss 0.0472
  seed 1 epoch 480/500: train acc 1.000, test acc 0.618, train loss 0.0016, test loss 0.0472
  seed 1 epoch 490/500: train acc 0.958, test acc 0.542, train loss 0.0050, test loss 0.0608
  seed 1 epoch 500/500: train acc 0.986, test acc 0.590, train loss 0.0042, test loss 0.0491
seed 1: max-over-epochs test acc 0.667 at epoch 275, final-epoch test acc 0.590, final train acc 0.986, params 44924, 52s
  seed 2 epoch  10/500: train acc 0.042, test acc 0.049, train loss 0.1154, test loss 0.1236
  seed 2 epoch  20/500: train acc 0.074, test acc 0.083, train loss 0.1139, test loss 0.1217
  seed 2 epoch  30/500: train acc 0.144, test acc 0.139, train loss 0.1077, test loss 0.1159
  seed 2 epoch  40/500: train acc 0.176, test acc 0.194, train loss 0.0897, test loss 0.0961
  seed 2 epoch  50/500: train acc 0.296, test acc 0.264, train loss 0.0776, test loss 0.0857
  seed 2 epoch  60/500: train acc 0.486, test acc 0.375, train loss 0.0617, test loss 0.0765
  seed 2 epoch  70/500: train acc 0.537, test acc 0.486, train loss 0.0530, test loss 0.0682
  seed 2 epoch  80/500: train acc 0.602, test acc 0.500, train loss 0.0468, test loss 0.0659
  seed 2 epoch  90/500: train acc 0.699, test acc 0.486, train loss 0.0384, test loss 0.0609
  seed 2 epoch 100/500: train acc 0.801, test acc 0.500, train loss 0.0308, test loss 0.0579
  seed 2 epoch 110/500: train acc 0.773, test acc 0.458, train loss 0.0278, test loss 0.0629
  seed 2 epoch 120/500: train acc 0.833, test acc 0.521, train loss 0.0229, test loss 0.0544
  seed 2 epoch 130/500: train acc 0.889, test acc 0.521, train loss 0.0211, test loss 0.0565
  seed 2 epoch 140/500: train acc 0.935, test acc 0.514, train loss 0.0154, test loss 0.0557
  seed 2 epoch 150/500: train acc 0.940, test acc 0.528, train loss 0.0137, test loss 0.0555
  seed 2 epoch 160/500: train acc 0.940, test acc 0.549, train loss 0.0137, test loss 0.0522
  seed 2 epoch 170/500: train acc 0.963, test acc 0.535, train loss 0.0106, test loss 0.0542
  seed 2 epoch 180/500: train acc 0.935, test acc 0.514, train loss 0.0120, test loss 0.0552
  seed 2 epoch 190/500: train acc 0.986, test acc 0.562, train loss 0.0091, test loss 0.0539
  seed 2 epoch 200/500: train acc 0.949, test acc 0.528, train loss 0.0107, test loss 0.0562
  seed 2 epoch 210/500: train acc 0.995, test acc 0.556, train loss 0.0070, test loss 0.0549
  seed 2 epoch 220/500: train acc 0.995, test acc 0.535, train loss 0.0056, test loss 0.0578
  seed 2 epoch 230/500: train acc 1.000, test acc 0.562, train loss 0.0059, test loss 0.0548
  seed 2 epoch 240/500: train acc 0.995, test acc 0.549, train loss 0.0051, test loss 0.0563
  seed 2 epoch 250/500: train acc 0.935, test acc 0.486, train loss 0.0117, test loss 0.0593
  seed 2 epoch 260/500: train acc 1.000, test acc 0.549, train loss 0.0051, test loss 0.0559
  seed 2 epoch 270/500: train acc 0.981, test acc 0.514, train loss 0.0054, test loss 0.0637
  seed 2 epoch 280/500: train acc 0.991, test acc 0.562, train loss 0.0040, test loss 0.0577
  seed 2 epoch 290/500: train acc 1.000, test acc 0.528, train loss 0.0034, test loss 0.0604
  seed 2 epoch 300/500: train acc 1.000, test acc 0.562, train loss 0.0034, test loss 0.0601
  seed 2 epoch 310/500: train acc 1.000, test acc 0.549, train loss 0.0030, test loss 0.0599
  seed 2 epoch 320/500: train acc 1.000, test acc 0.535, train loss 0.0030, test loss 0.0644
  seed 2 epoch 330/500: train acc 1.000, test acc 0.549, train loss 0.0024, test loss 0.0628
  seed 2 epoch 340/500: train acc 0.995, test acc 0.521, train loss 0.0028, test loss 0.0641
  seed 2 epoch 350/500: train acc 0.986, test acc 0.556, train loss 0.0032, test loss 0.0615
  seed 2 epoch 360/500: train acc 0.972, test acc 0.556, train loss 0.0057, test loss 0.0565
  seed 2 epoch 370/500: train acc 1.000, test acc 0.583, train loss 0.0031, test loss 0.0565
  seed 2 epoch 380/500: train acc 1.000, test acc 0.535, train loss 0.0025, test loss 0.0594
  seed 2 epoch 390/500: train acc 0.995, test acc 0.528, train loss 0.0029, test loss 0.0605
  seed 2 epoch 400/500: train acc 1.000, test acc 0.542, train loss 0.0020, test loss 0.0619
  seed 2 epoch 410/500: train acc 1.000, test acc 0.535, train loss 0.0019, test loss 0.0617
  seed 2 epoch 420/500: train acc 1.000, test acc 0.528, train loss 0.0021, test loss 0.0638
  seed 2 epoch 430/500: train acc 1.000, test acc 0.569, train loss 0.0016, test loss 0.0612
  seed 2 epoch 440/500: train acc 0.995, test acc 0.528, train loss 0.0018, test loss 0.0661
  seed 2 epoch 450/500: train acc 1.000, test acc 0.576, train loss 0.0014, test loss 0.0627
  seed 2 epoch 460/500: train acc 0.981, test acc 0.535, train loss 0.0042, test loss 0.0648
  seed 2 epoch 470/500: train acc 0.991, test acc 0.576, train loss 0.0041, test loss 0.0529
  seed 2 epoch 480/500: train acc 1.000, test acc 0.583, train loss 0.0018, test loss 0.0558
  seed 2 epoch 490/500: train acc 1.000, test acc 0.590, train loss 0.0013, test loss 0.0576
  seed 2 epoch 500/500: train acc 1.000, test acc 0.576, train loss 0.0015, test loss 0.0585
seed 2: max-over-epochs test acc 0.618 at epoch 476, final-epoch test acc 0.576, final train acc 1.000, params 44924, 53s
  seed 3 epoch  10/500: train acc 0.042, test acc 0.049, train loss 0.1155, test loss 0.1235
  seed 3 epoch  20/500: train acc 0.093, test acc 0.181, train loss 0.1128, test loss 0.1210
  seed 3 epoch  30/500: train acc 0.176, test acc 0.132, train loss 0.1018, test loss 0.1119
  seed 3 epoch  40/500: train acc 0.245, test acc 0.250, train loss 0.0834, test loss 0.0900
  seed 3 epoch  50/500: train acc 0.315, test acc 0.278, train loss 0.0717, test loss 0.0803
  seed 3 epoch  60/500: train acc 0.412, test acc 0.368, train loss 0.0610, test loss 0.0722
  seed 3 epoch  70/500: train acc 0.514, test acc 0.458, train loss 0.0521, test loss 0.0651
  seed 3 epoch  80/500: train acc 0.657, test acc 0.465, train loss 0.0425, test loss 0.0616
  seed 3 epoch  90/500: train acc 0.634, test acc 0.535, train loss 0.0381, test loss 0.0543
  seed 3 epoch 100/500: train acc 0.778, test acc 0.458, train loss 0.0295, test loss 0.0565
  seed 3 epoch 110/500: train acc 0.806, test acc 0.493, train loss 0.0270, test loss 0.0517
  seed 3 epoch 120/500: train acc 0.880, test acc 0.500, train loss 0.0206, test loss 0.0490
  seed 3 epoch 130/500: train acc 0.880, test acc 0.465, train loss 0.0203, test loss 0.0524
  seed 3 epoch 140/500: train acc 0.889, test acc 0.444, train loss 0.0188, test loss 0.0531
  seed 3 epoch 150/500: train acc 0.935, test acc 0.597, train loss 0.0137, test loss 0.0463
  seed 3 epoch 160/500: train acc 0.944, test acc 0.549, train loss 0.0142, test loss 0.0483
  seed 3 epoch 170/500: train acc 0.963, test acc 0.556, train loss 0.0110, test loss 0.0478
  seed 3 epoch 180/500: train acc 0.977, test acc 0.590, train loss 0.0096, test loss 0.0452
  seed 3 epoch 190/500: train acc 0.977, test acc 0.590, train loss 0.0080, test loss 0.0463
  seed 3 epoch 200/500: train acc 0.977, test acc 0.493, train loss 0.0080, test loss 0.0600
  seed 3 epoch 210/500: train acc 0.977, test acc 0.576, train loss 0.0083, test loss 0.0488
  seed 3 epoch 220/500: train acc 0.986, test acc 0.618, train loss 0.0056, test loss 0.0467
  seed 3 epoch 230/500: train acc 0.995, test acc 0.597, train loss 0.0053, test loss 0.0490
  seed 3 epoch 240/500: train acc 0.991, test acc 0.604, train loss 0.0051, test loss 0.0493
  seed 3 epoch 250/500: train acc 1.000, test acc 0.576, train loss 0.0042, test loss 0.0493
  seed 3 epoch 260/500: train acc 0.843, test acc 0.590, train loss 0.0162, test loss 0.0482
  seed 3 epoch 270/500: train acc 0.977, test acc 0.583, train loss 0.0064, test loss 0.0502
  seed 3 epoch 280/500: train acc 1.000, test acc 0.611, train loss 0.0035, test loss 0.0474
  seed 3 epoch 290/500: train acc 1.000, test acc 0.569, train loss 0.0030, test loss 0.0500
  seed 3 epoch 300/500: train acc 1.000, test acc 0.597, train loss 0.0030, test loss 0.0498
  seed 3 epoch 310/500: train acc 1.000, test acc 0.576, train loss 0.0024, test loss 0.0526
  seed 3 epoch 320/500: train acc 1.000, test acc 0.549, train loss 0.0025, test loss 0.0537
  seed 3 epoch 330/500: train acc 1.000, test acc 0.583, train loss 0.0026, test loss 0.0521
  seed 3 epoch 340/500: train acc 1.000, test acc 0.542, train loss 0.0019, test loss 0.0550
  seed 3 epoch 350/500: train acc 0.949, test acc 0.493, train loss 0.0088, test loss 0.0565
  seed 3 epoch 360/500: train acc 0.986, test acc 0.604, train loss 0.0045, test loss 0.0451
  seed 3 epoch 370/500: train acc 1.000, test acc 0.611, train loss 0.0025, test loss 0.0471
  seed 3 epoch 380/500: train acc 1.000, test acc 0.611, train loss 0.0019, test loss 0.0484
  seed 3 epoch 390/500: train acc 1.000, test acc 0.618, train loss 0.0022, test loss 0.0495
  seed 3 epoch 400/500: train acc 0.995, test acc 0.604, train loss 0.0026, test loss 0.0532
  seed 3 epoch 410/500: train acc 0.995, test acc 0.562, train loss 0.0017, test loss 0.0542
  seed 3 epoch 420/500: train acc 1.000, test acc 0.597, train loss 0.0020, test loss 0.0526
  seed 3 epoch 430/500: train acc 1.000, test acc 0.611, train loss 0.0018, test loss 0.0515
  seed 3 epoch 440/500: train acc 1.000, test acc 0.576, train loss 0.0016, test loss 0.0536
  seed 3 epoch 450/500: train acc 1.000, test acc 0.576, train loss 0.0018, test loss 0.0529
  seed 3 epoch 460/500: train acc 1.000, test acc 0.562, train loss 0.0015, test loss 0.0554
  seed 3 epoch 470/500: train acc 0.907, test acc 0.535, train loss 0.0122, test loss 0.0497
  seed 3 epoch 480/500: train acc 1.000, test acc 0.667, train loss 0.0024, test loss 0.0438
  seed 3 epoch 490/500: train acc 0.995, test acc 0.646, train loss 0.0017, test loss 0.0424
  seed 3 epoch 500/500: train acc 1.000, test acc 0.639, train loss 0.0016, test loss 0.0437
seed 3: max-over-epochs test acc 0.667 at epoch 480, final-epoch test acc 0.639, final train acc 1.000, params 44924, 52s
  seed 4 epoch  10/500: train acc 0.069, test acc 0.042, train loss 0.1157, test loss 0.1233
  seed 4 epoch  20/500: train acc 0.074, test acc 0.111, train loss 0.1133, test loss 0.1217
  seed 4 epoch  30/500: train acc 0.139, test acc 0.167, train loss 0.1059, test loss 0.1138
  seed 4 epoch  40/500: train acc 0.176, test acc 0.181, train loss 0.0902, test loss 0.0976
  seed 4 epoch  50/500: train acc 0.245, test acc 0.278, train loss 0.0792, test loss 0.0886
  seed 4 epoch  60/500: train acc 0.407, test acc 0.319, train loss 0.0665, test loss 0.0794
  seed 4 epoch  70/500: train acc 0.468, test acc 0.417, train loss 0.0568, test loss 0.0741
  seed 4 epoch  80/500: train acc 0.593, test acc 0.451, train loss 0.0497, test loss 0.0680
  seed 4 epoch  90/500: train acc 0.704, test acc 0.514, train loss 0.0387, test loss 0.0593
  seed 4 epoch 100/500: train acc 0.741, test acc 0.528, train loss 0.0333, test loss 0.0540
  seed 4 epoch 110/500: train acc 0.801, test acc 0.542, train loss 0.0279, test loss 0.0512
  seed 4 epoch 120/500: train acc 0.861, test acc 0.556, train loss 0.0236, test loss 0.0505
  seed 4 epoch 130/500: train acc 0.898, test acc 0.569, train loss 0.0190, test loss 0.0464
  seed 4 epoch 140/500: train acc 0.931, test acc 0.569, train loss 0.0159, test loss 0.0452
  seed 4 epoch 150/500: train acc 0.935, test acc 0.535, train loss 0.0131, test loss 0.0481
  seed 4 epoch 160/500: train acc 0.963, test acc 0.535, train loss 0.0118, test loss 0.0480
  seed 4 epoch 170/500: train acc 0.926, test acc 0.576, train loss 0.0145, test loss 0.0480
  seed 4 epoch 180/500: train acc 0.986, test acc 0.528, train loss 0.0089, test loss 0.0456
  seed 4 epoch 190/500: train acc 0.972, test acc 0.569, train loss 0.0079, test loss 0.0486
  seed 4 epoch 200/500: train acc 0.986, test acc 0.556, train loss 0.0068, test loss 0.0475
  seed 4 epoch 210/500: train acc 0.963, test acc 0.590, train loss 0.0096, test loss 0.0420
  seed 4 epoch 220/500: train acc 0.995, test acc 0.556, train loss 0.0055, test loss 0.0449
  seed 4 epoch 230/500: train acc 0.995, test acc 0.549, train loss 0.0050, test loss 0.0446
  seed 4 epoch 240/500: train acc 1.000, test acc 0.576, train loss 0.0041, test loss 0.0462
  seed 4 epoch 250/500: train acc 0.991, test acc 0.535, train loss 0.0056, test loss 0.0527
  seed 4 epoch 260/500: train acc 0.995, test acc 0.542, train loss 0.0033, test loss 0.0468
  seed 4 epoch 270/500: train acc 1.000, test acc 0.549, train loss 0.0031, test loss 0.0479
  seed 4 epoch 280/500: train acc 1.000, test acc 0.521, train loss 0.0035, test loss 0.0521
  seed 4 epoch 290/500: train acc 1.000, test acc 0.569, train loss 0.0028, test loss 0.0475
  seed 4 epoch 300/500: train acc 0.963, test acc 0.542, train loss 0.0082, test loss 0.0501
  seed 4 epoch 310/500: train acc 0.991, test acc 0.549, train loss 0.0032, test loss 0.0461
  seed 4 epoch 320/500: train acc 0.995, test acc 0.569, train loss 0.0025, test loss 0.0467
  seed 4 epoch 330/500: train acc 0.995, test acc 0.562, train loss 0.0039, test loss 0.0482
  seed 4 epoch 340/500: train acc 0.995, test acc 0.562, train loss 0.0030, test loss 0.0482
  seed 4 epoch 350/500: train acc 1.000, test acc 0.583, train loss 0.0022, test loss 0.0492
  seed 4 epoch 360/500: train acc 1.000, test acc 0.556, train loss 0.0022, test loss 0.0504
  seed 4 epoch 370/500: train acc 1.000, test acc 0.556, train loss 0.0017, test loss 0.0504
  seed 4 epoch 380/500: train acc 1.000, test acc 0.556, train loss 0.0020, test loss 0.0510
  seed 4 epoch 390/500: train acc 0.995, test acc 0.569, train loss 0.0022, test loss 0.0480
  seed 4 epoch 400/500: train acc 1.000, test acc 0.562, train loss 0.0015, test loss 0.0510
  seed 4 epoch 410/500: train acc 1.000, test acc 0.576, train loss 0.0020, test loss 0.0509
  seed 4 epoch 420/500: train acc 1.000, test acc 0.562, train loss 0.0016, test loss 0.0515
  seed 4 epoch 430/500: train acc 0.856, test acc 0.569, train loss 0.0157, test loss 0.0478
  seed 4 epoch 440/500: train acc 0.991, test acc 0.618, train loss 0.0031, test loss 0.0430
  seed 4 epoch 450/500: train acc 1.000, test acc 0.597, train loss 0.0015, test loss 0.0441
  seed 4 epoch 460/500: train acc 1.000, test acc 0.618, train loss 0.0014, test loss 0.0443
  seed 4 epoch 470/500: train acc 1.000, test acc 0.604, train loss 0.0016, test loss 0.0454
  seed 4 epoch 480/500: train acc 1.000, test acc 0.597, train loss 0.0016, test loss 0.0448
  seed 4 epoch 490/500: train acc 1.000, test acc 0.597, train loss 0.0012, test loss 0.0478
  seed 4 epoch 500/500: train acc 1.000, test acc 0.590, train loss 0.0015, test loss 0.0502
seed 4: max-over-epochs test acc 0.653 at epoch 444, final-epoch test acc 0.590, final train acc 1.000, params 44924, 51s
  seed 5 epoch  10/500: train acc 0.046, test acc 0.028, train loss 0.1158, test loss 0.1239
  seed 5 epoch  20/500: train acc 0.065, test acc 0.090, train loss 0.1139, test loss 0.1215
  seed 5 epoch  30/500: train acc 0.106, test acc 0.146, train loss 0.1023, test loss 0.1133
  seed 5 epoch  40/500: train acc 0.213, test acc 0.229, train loss 0.0929, test loss 0.1020
  seed 5 epoch  50/500: train acc 0.301, test acc 0.389, train loss 0.0758, test loss 0.0821
  seed 5 epoch  60/500: train acc 0.398, test acc 0.389, train loss 0.0632, test loss 0.0747
  seed 5 epoch  70/500: train acc 0.537, test acc 0.500, train loss 0.0503, test loss 0.0648
  seed 5 epoch  80/500: train acc 0.694, test acc 0.535, train loss 0.0421, test loss 0.0581
  seed 5 epoch  90/500: train acc 0.694, test acc 0.514, train loss 0.0371, test loss 0.0584
  seed 5 epoch 100/500: train acc 0.792, test acc 0.542, train loss 0.0291, test loss 0.0530
  seed 5 epoch 110/500: train acc 0.824, test acc 0.521, train loss 0.0261, test loss 0.0556
  seed 5 epoch 120/500: train acc 0.903, test acc 0.632, train loss 0.0195, test loss 0.0479
  seed 5 epoch 130/500: train acc 0.870, test acc 0.542, train loss 0.0207, test loss 0.0540
  seed 5 epoch 140/500: train acc 0.940, test acc 0.590, train loss 0.0149, test loss 0.0458
  seed 5 epoch 150/500: train acc 0.963, test acc 0.590, train loss 0.0117, test loss 0.0460
  seed 5 epoch 160/500: train acc 0.972, test acc 0.569, train loss 0.0112, test loss 0.0479
  seed 5 epoch 170/500: train acc 0.986, test acc 0.590, train loss 0.0092, test loss 0.0459
  seed 5 epoch 180/500: train acc 0.963, test acc 0.583, train loss 0.0100, test loss 0.0513
  seed 5 epoch 190/500: train acc 0.986, test acc 0.549, train loss 0.0061, test loss 0.0487
  seed 5 epoch 200/500: train acc 0.986, test acc 0.556, train loss 0.0059, test loss 0.0503
  seed 5 epoch 210/500: train acc 0.972, test acc 0.611, train loss 0.0080, test loss 0.0469
  seed 5 epoch 220/500: train acc 0.986, test acc 0.604, train loss 0.0047, test loss 0.0495
  seed 5 epoch 230/500: train acc 0.991, test acc 0.604, train loss 0.0046, test loss 0.0507
  seed 5 epoch 240/500: train acc 0.995, test acc 0.576, train loss 0.0040, test loss 0.0504
  seed 5 epoch 250/500: train acc 1.000, test acc 0.576, train loss 0.0036, test loss 0.0513
  seed 5 epoch 260/500: train acc 0.940, test acc 0.590, train loss 0.0110, test loss 0.0479
  seed 5 epoch 270/500: train acc 0.991, test acc 0.632, train loss 0.0040, test loss 0.0440
  seed 5 epoch 280/500: train acc 1.000, test acc 0.625, train loss 0.0031, test loss 0.0480
  seed 5 epoch 290/500: train acc 1.000, test acc 0.611, train loss 0.0028, test loss 0.0474
  seed 5 epoch 300/500: train acc 1.000, test acc 0.618, train loss 0.0029, test loss 0.0485
  seed 5 epoch 310/500: train acc 0.995, test acc 0.618, train loss 0.0023, test loss 0.0482
  seed 5 epoch 320/500: train acc 1.000, test acc 0.618, train loss 0.0028, test loss 0.0487
  seed 5 epoch 330/500: train acc 1.000, test acc 0.604, train loss 0.0024, test loss 0.0488
  seed 5 epoch 340/500: train acc 1.000, test acc 0.618, train loss 0.0021, test loss 0.0496
  seed 5 epoch 350/500: train acc 0.926, test acc 0.562, train loss 0.0106, test loss 0.0494
  seed 5 epoch 360/500: train acc 0.991, test acc 0.646, train loss 0.0028, test loss 0.0432
  seed 5 epoch 370/500: train acc 0.995, test acc 0.646, train loss 0.0024, test loss 0.0438
  seed 5 epoch 380/500: train acc 1.000, test acc 0.653, train loss 0.0021, test loss 0.0484
  seed 5 epoch 390/500: train acc 1.000, test acc 0.646, train loss 0.0020, test loss 0.0467
  seed 5 epoch 400/500: train acc 1.000, test acc 0.639, train loss 0.0022, test loss 0.0464
  seed 5 epoch 410/500: train acc 1.000, test acc 0.611, train loss 0.0015, test loss 0.0482
  seed 5 epoch 420/500: train acc 1.000, test acc 0.604, train loss 0.0017, test loss 0.0488
  seed 5 epoch 430/500: train acc 1.000, test acc 0.632, train loss 0.0015, test loss 0.0494
  seed 5 epoch 440/500: train acc 1.000, test acc 0.646, train loss 0.0015, test loss 0.0483
  seed 5 epoch 450/500: train acc 1.000, test acc 0.639, train loss 0.0015, test loss 0.0494
  seed 5 epoch 460/500: train acc 1.000, test acc 0.618, train loss 0.0015, test loss 0.0498
  seed 5 epoch 470/500: train acc 1.000, test acc 0.618, train loss 0.0018, test loss 0.0511
  seed 5 epoch 480/500: train acc 1.000, test acc 0.597, train loss 0.0011, test loss 0.0506
  seed 5 epoch 490/500: train acc 1.000, test acc 0.597, train loss 0.0013, test loss 0.0519
  seed 5 epoch 500/500: train acc 0.944, test acc 0.604, train loss 0.0095, test loss 0.0443
seed 5: max-over-epochs test acc 0.681 at epoch 357, final-epoch test acc 0.604, final train acc 0.944, params 44924, 52s
  seed 6 epoch  10/500: train acc 0.042, test acc 0.076, train loss 0.1155, test loss 0.1236
  seed 6 epoch  20/500: train acc 0.065, test acc 0.090, train loss 0.1141, test loss 0.1221
  seed 6 epoch  30/500: train acc 0.106, test acc 0.125, train loss 0.1077, test loss 0.1157
  seed 6 epoch  40/500: train acc 0.176, test acc 0.160, train loss 0.0890, test loss 0.0995
  seed 6 epoch  50/500: train acc 0.333, test acc 0.292, train loss 0.0762, test loss 0.0872
  seed 6 epoch  60/500: train acc 0.421, test acc 0.333, train loss 0.0643, test loss 0.0801
  seed 6 epoch  70/500: train acc 0.560, test acc 0.431, train loss 0.0519, test loss 0.0686
  seed 6 epoch  80/500: train acc 0.597, test acc 0.458, train loss 0.0480, test loss 0.0637
  seed 6 epoch  90/500: train acc 0.606, test acc 0.500, train loss 0.0421, test loss 0.0604
  seed 6 epoch 100/500: train acc 0.764, test acc 0.479, train loss 0.0322, test loss 0.0610
  seed 6 epoch 110/500: train acc 0.810, test acc 0.556, train loss 0.0272, test loss 0.0542
  seed 6 epoch 120/500: train acc 0.852, test acc 0.583, train loss 0.0223, test loss 0.0510
  seed 6 epoch 130/500: train acc 0.907, test acc 0.618, train loss 0.0195, test loss 0.0473
  seed 6 epoch 140/500: train acc 0.931, test acc 0.486, train loss 0.0171, test loss 0.0575
  seed 6 epoch 150/500: train acc 0.921, test acc 0.576, train loss 0.0167, test loss 0.0469
  seed 6 epoch 160/500: train acc 0.972, test acc 0.604, train loss 0.0104, test loss 0.0466
  seed 6 epoch 170/500: train acc 0.972, test acc 0.590, train loss 0.0089, test loss 0.0456
  seed 6 epoch 180/500: train acc 0.963, test acc 0.611, train loss 0.0098, test loss 0.0440
  seed 6 epoch 190/500: train acc 0.977, test acc 0.618, train loss 0.0078, test loss 0.0458
  seed 6 epoch 200/500: train acc 0.977, test acc 0.597, train loss 0.0068, test loss 0.0451
  seed 6 epoch 210/500: train acc 0.991, test acc 0.646, train loss 0.0062, test loss 0.0450
  seed 6 epoch 220/500: train acc 0.991, test acc 0.583, train loss 0.0057, test loss 0.0477
  seed 6 epoch 230/500: train acc 0.977, test acc 0.618, train loss 0.0053, test loss 0.0414
  seed 6 epoch 240/500: train acc 0.986, test acc 0.618, train loss 0.0068, test loss 0.0426
  seed 6 epoch 250/500: train acc 0.991, test acc 0.632, train loss 0.0046, test loss 0.0420
  seed 6 epoch 260/500: train acc 0.995, test acc 0.625, train loss 0.0042, test loss 0.0419
  seed 6 epoch 270/500: train acc 0.995, test acc 0.639, train loss 0.0041, test loss 0.0437
  seed 6 epoch 280/500: train acc 1.000, test acc 0.611, train loss 0.0034, test loss 0.0444
  seed 6 epoch 290/500: train acc 0.968, test acc 0.549, train loss 0.0064, test loss 0.0543
  seed 6 epoch 300/500: train acc 0.963, test acc 0.590, train loss 0.0063, test loss 0.0470
  seed 6 epoch 310/500: train acc 1.000, test acc 0.639, train loss 0.0030, test loss 0.0404
  seed 6 epoch 320/500: train acc 1.000, test acc 0.632, train loss 0.0026, test loss 0.0443
  seed 6 epoch 330/500: train acc 1.000, test acc 0.660, train loss 0.0027, test loss 0.0423
  seed 6 epoch 340/500: train acc 1.000, test acc 0.625, train loss 0.0024, test loss 0.0464
  seed 6 epoch 350/500: train acc 1.000, test acc 0.625, train loss 0.0021, test loss 0.0457
  seed 6 epoch 360/500: train acc 1.000, test acc 0.625, train loss 0.0022, test loss 0.0455
  seed 6 epoch 370/500: train acc 1.000, test acc 0.618, train loss 0.0025, test loss 0.0478
  seed 6 epoch 380/500: train acc 1.000, test acc 0.632, train loss 0.0028, test loss 0.0459
  seed 6 epoch 390/500: train acc 1.000, test acc 0.653, train loss 0.0019, test loss 0.0467
  seed 6 epoch 400/500: train acc 1.000, test acc 0.639, train loss 0.0023, test loss 0.0461
  seed 6 epoch 410/500: train acc 1.000, test acc 0.646, train loss 0.0020, test loss 0.0444
  seed 6 epoch 420/500: train acc 0.981, test acc 0.618, train loss 0.0043, test loss 0.0506
  seed 6 epoch 430/500: train acc 0.963, test acc 0.569, train loss 0.0059, test loss 0.0514
  seed 6 epoch 440/500: train acc 0.995, test acc 0.639, train loss 0.0026, test loss 0.0437
  seed 6 epoch 450/500: train acc 1.000, test acc 0.646, train loss 0.0019, test loss 0.0435
  seed 6 epoch 460/500: train acc 1.000, test acc 0.597, train loss 0.0017, test loss 0.0472
  seed 6 epoch 470/500: train acc 1.000, test acc 0.618, train loss 0.0015, test loss 0.0464
  seed 6 epoch 480/500: train acc 1.000, test acc 0.618, train loss 0.0013, test loss 0.0475
  seed 6 epoch 490/500: train acc 1.000, test acc 0.639, train loss 0.0012, test loss 0.0449
  seed 6 epoch 500/500: train acc 1.000, test acc 0.632, train loss 0.0013, test loss 0.0457
seed 6: max-over-epochs test acc 0.674 at epoch 194, final-epoch test acc 0.632, final train acc 1.000, params 44924, 53s
  seed 7 epoch  10/500: train acc 0.042, test acc 0.049, train loss 0.1160, test loss 0.1238
  seed 7 epoch  20/500: train acc 0.060, test acc 0.097, train loss 0.1145, test loss 0.1223
  seed 7 epoch  30/500: train acc 0.139, test acc 0.174, train loss 0.1088, test loss 0.1171
  seed 7 epoch  40/500: train acc 0.148, test acc 0.222, train loss 0.0918, test loss 0.1003
  seed 7 epoch  50/500: train acc 0.296, test acc 0.299, train loss 0.0763, test loss 0.0860
  seed 7 epoch  60/500: train acc 0.454, test acc 0.410, train loss 0.0625, test loss 0.0739
  seed 7 epoch  70/500: train acc 0.667, test acc 0.403, train loss 0.0456, test loss 0.0673
  seed 7 epoch  80/500: train acc 0.718, test acc 0.479, train loss 0.0396, test loss 0.0593
  seed 7 epoch  90/500: train acc 0.787, test acc 0.500, train loss 0.0310, test loss 0.0555
  seed 7 epoch 100/500: train acc 0.856, test acc 0.542, train loss 0.0249, test loss 0.0528
  seed 7 epoch 110/500: train acc 0.889, test acc 0.542, train loss 0.0211, test loss 0.0525
  seed 7 epoch 120/500: train acc 0.940, test acc 0.597, train loss 0.0163, test loss 0.0500
  seed 7 epoch 130/500: train acc 0.977, test acc 0.562, train loss 0.0137, test loss 0.0506
  seed 7 epoch 140/500: train acc 0.963, test acc 0.535, train loss 0.0120, test loss 0.0518
  seed 7 epoch 150/500: train acc 0.949, test acc 0.576, train loss 0.0118, test loss 0.0500
  seed 7 epoch 160/500: train acc 0.931, test acc 0.521, train loss 0.0122, test loss 0.0521
  seed 7 epoch 170/500: train acc 0.972, test acc 0.562, train loss 0.0098, test loss 0.0484
  seed 7 epoch 180/500: train acc 0.995, test acc 0.604, train loss 0.0067, test loss 0.0457
  seed 7 epoch 190/500: train acc 0.991, test acc 0.583, train loss 0.0060, test loss 0.0492
  seed 7 epoch 200/500: train acc 0.991, test acc 0.583, train loss 0.0062, test loss 0.0471
  seed 7 epoch 210/500: train acc 0.995, test acc 0.576, train loss 0.0046, test loss 0.0478
  seed 7 epoch 220/500: train acc 1.000, test acc 0.590, train loss 0.0044, test loss 0.0500
  seed 7 epoch 230/500: train acc 1.000, test acc 0.590, train loss 0.0041, test loss 0.0489
  seed 7 epoch 240/500: train acc 0.968, test acc 0.618, train loss 0.0064, test loss 0.0473
  seed 7 epoch 250/500: train acc 1.000, test acc 0.611, train loss 0.0036, test loss 0.0457
  seed 7 epoch 260/500: train acc 0.995, test acc 0.604, train loss 0.0032, test loss 0.0468
  seed 7 epoch 270/500: train acc 0.995, test acc 0.625, train loss 0.0034, test loss 0.0460
  seed 7 epoch 280/500: train acc 1.000, test acc 0.632, train loss 0.0027, test loss 0.0487
  seed 7 epoch 290/500: train acc 0.958, test acc 0.611, train loss 0.0069, test loss 0.0501
  seed 7 epoch 300/500: train acc 1.000, test acc 0.625, train loss 0.0029, test loss 0.0450
  seed 7 epoch 310/500: train acc 1.000, test acc 0.632, train loss 0.0026, test loss 0.0463
  seed 7 epoch 320/500: train acc 0.995, test acc 0.618, train loss 0.0023, test loss 0.0460
  seed 7 epoch 330/500: train acc 1.000, test acc 0.618, train loss 0.0019, test loss 0.0461
  seed 7 epoch 340/500: train acc 1.000, test acc 0.611, train loss 0.0021, test loss 0.0493
  seed 7 epoch 350/500: train acc 0.995, test acc 0.611, train loss 0.0021, test loss 0.0468
  seed 7 epoch 360/500: train acc 1.000, test acc 0.618, train loss 0.0017, test loss 0.0482
  seed 7 epoch 370/500: train acc 0.995, test acc 0.528, train loss 0.0023, test loss 0.0553
  seed 7 epoch 380/500: train acc 0.986, test acc 0.597, train loss 0.0062, test loss 0.0432
  seed 7 epoch 390/500: train acc 1.000, test acc 0.590, train loss 0.0026, test loss 0.0428
  seed 7 epoch 400/500: train acc 1.000, test acc 0.611, train loss 0.0022, test loss 0.0428
  seed 7 epoch 410/500: train acc 1.000, test acc 0.639, train loss 0.0020, test loss 0.0440
  seed 7 epoch 420/500: train acc 1.000, test acc 0.618, train loss 0.0017, test loss 0.0462
  seed 7 epoch 430/500: train acc 0.995, test acc 0.625, train loss 0.0018, test loss 0.0431
  seed 7 epoch 440/500: train acc 1.000, test acc 0.625, train loss 0.0018, test loss 0.0444
  seed 7 epoch 450/500: train acc 1.000, test acc 0.625, train loss 0.0018, test loss 0.0458
  seed 7 epoch 460/500: train acc 1.000, test acc 0.639, train loss 0.0014, test loss 0.0439
  seed 7 epoch 470/500: train acc 1.000, test acc 0.611, train loss 0.0026, test loss 0.0460
  seed 7 epoch 480/500: train acc 0.995, test acc 0.639, train loss 0.0016, test loss 0.0420
  seed 7 epoch 490/500: train acc 1.000, test acc 0.618, train loss 0.0013, test loss 0.0449
  seed 7 epoch 500/500: train acc 1.000, test acc 0.611, train loss 0.0012, test loss 0.0453
seed 7: max-over-epochs test acc 0.667 at epoch 289, final-epoch test acc 0.611, final train acc 1.000, params 44924, 52s
  seed 8 epoch  10/500: train acc 0.037, test acc 0.049, train loss 0.1174, test loss 0.1234
  seed 8 epoch  20/500: train acc 0.046, test acc 0.049, train loss 0.1141, test loss 0.1222
  seed 8 epoch  30/500: train acc 0.130, test acc 0.125, train loss 0.1082, test loss 0.1170
  seed 8 epoch  40/500: train acc 0.227, test acc 0.208, train loss 0.0900, test loss 0.0991
  seed 8 epoch  50/500: train acc 0.278, test acc 0.306, train loss 0.0761, test loss 0.0880
  seed 8 epoch  60/500: train acc 0.486, test acc 0.417, train loss 0.0598, test loss 0.0761
  seed 8 epoch  70/500: train acc 0.648, test acc 0.514, train loss 0.0474, test loss 0.0654
  seed 8 epoch  80/500: train acc 0.620, test acc 0.479, train loss 0.0443, test loss 0.0642
  seed 8 epoch  90/500: train acc 0.745, test acc 0.403, train loss 0.0337, test loss 0.0647
  seed 8 epoch 100/500: train acc 0.773, test acc 0.556, train loss 0.0283, test loss 0.0517
  seed 8 epoch 110/500: train acc 0.815, test acc 0.562, train loss 0.0250, test loss 0.0528
  seed 8 epoch 120/500: train acc 0.847, test acc 0.528, train loss 0.0221, test loss 0.0514
  seed 8 epoch 130/500: train acc 0.870, test acc 0.521, train loss 0.0199, test loss 0.0521
  seed 8 epoch 140/500: train acc 0.931, test acc 0.562, train loss 0.0140, test loss 0.0494
  seed 8 epoch 150/500: train acc 0.963, test acc 0.569, train loss 0.0129, test loss 0.0497
  seed 8 epoch 160/500: train acc 0.935, test acc 0.549, train loss 0.0130, test loss 0.0500
  seed 8 epoch 170/500: train acc 0.991, test acc 0.556, train loss 0.0086, test loss 0.0518
  seed 8 epoch 180/500: train acc 0.972, test acc 0.590, train loss 0.0092, test loss 0.0464
  seed 8 epoch 190/500: train acc 0.977, test acc 0.556, train loss 0.0079, test loss 0.0509
  seed 8 epoch 200/500: train acc 0.995, test acc 0.590, train loss 0.0060, test loss 0.0497
  seed 8 epoch 210/500: train acc 0.741, test acc 0.479, train loss 0.0296, test loss 0.0646
  seed 8 epoch 220/500: train acc 0.991, test acc 0.597, train loss 0.0073, test loss 0.0432
  seed 8 epoch 230/500: train acc 0.986, test acc 0.597, train loss 0.0055, test loss 0.0436
  seed 8 epoch 240/500: train acc 0.995, test acc 0.576, train loss 0.0051, test loss 0.0467
  seed 8 epoch 250/500: train acc 0.995, test acc 0.590, train loss 0.0044, test loss 0.0464
  seed 8 epoch 260/500: train acc 0.995, test acc 0.625, train loss 0.0037, test loss 0.0456
  seed 8 epoch 270/500: train acc 0.995, test acc 0.583, train loss 0.0036, test loss 0.0477
  seed 8 epoch 280/500: train acc 1.000, test acc 0.604, train loss 0.0028, test loss 0.0488
  seed 8 epoch 290/500: train acc 0.852, test acc 0.514, train loss 0.0173, test loss 0.0606
  seed 8 epoch 300/500: train acc 0.995, test acc 0.625, train loss 0.0035, test loss 0.0430
  seed 8 epoch 310/500: train acc 1.000, test acc 0.604, train loss 0.0033, test loss 0.0455
  seed 8 epoch 320/500: train acc 1.000, test acc 0.646, train loss 0.0029, test loss 0.0446
  seed 8 epoch 330/500: train acc 0.995, test acc 0.597, train loss 0.0028, test loss 0.0459
  seed 8 epoch 340/500: train acc 1.000, test acc 0.611, train loss 0.0024, test loss 0.0468
  seed 8 epoch 350/500: train acc 0.995, test acc 0.639, train loss 0.0022, test loss 0.0435
  seed 8 epoch 360/500: train acc 0.907, test acc 0.542, train loss 0.0107, test loss 0.0557
  seed 8 epoch 370/500: train acc 0.991, test acc 0.681, train loss 0.0034, test loss 0.0389
  seed 8 epoch 380/500: train acc 1.000, test acc 0.646, train loss 0.0025, test loss 0.0434
  seed 8 epoch 390/500: train acc 1.000, test acc 0.646, train loss 0.0019, test loss 0.0450
  seed 8 epoch 400/500: train acc 1.000, test acc 0.639, train loss 0.0019, test loss 0.0467
  seed 8 epoch 410/500: train acc 0.995, test acc 0.674, train loss 0.0020, test loss 0.0459
  seed 8 epoch 420/500: train acc 1.000, test acc 0.625, train loss 0.0019, test loss 0.0473
  seed 8 epoch 430/500: train acc 0.894, test acc 0.556, train loss 0.0126, test loss 0.0579
  seed 8 epoch 440/500: train acc 1.000, test acc 0.667, train loss 0.0024, test loss 0.0414
  seed 8 epoch 450/500: train acc 1.000, test acc 0.660, train loss 0.0016, test loss 0.0416
  seed 8 epoch 460/500: train acc 1.000, test acc 0.660, train loss 0.0017, test loss 0.0435
  seed 8 epoch 470/500: train acc 1.000, test acc 0.632, train loss 0.0015, test loss 0.0446
  seed 8 epoch 480/500: train acc 1.000, test acc 0.653, train loss 0.0018, test loss 0.0437
  seed 8 epoch 490/500: train acc 0.995, test acc 0.646, train loss 0.0013, test loss 0.0432
  seed 8 epoch 500/500: train acc 1.000, test acc 0.660, train loss 0.0014, test loss 0.0445
seed 8: max-over-epochs test acc 0.701 at epoch 446, final-epoch test acc 0.660, final train acc 1.000, params 44924, 52s
  seed 9 epoch  10/500: train acc 0.051, test acc 0.049, train loss 0.1152, test loss 0.1237
  seed 9 epoch  20/500: train acc 0.046, test acc 0.035, train loss 0.1138, test loss 0.1212
  seed 9 epoch  30/500: train acc 0.130, test acc 0.125, train loss 0.1002, test loss 0.1081
  seed 9 epoch  40/500: train acc 0.171, test acc 0.229, train loss 0.0930, test loss 0.1015
  seed 9 epoch  50/500: train acc 0.338, test acc 0.285, train loss 0.0759, test loss 0.0856
  seed 9 epoch  60/500: train acc 0.407, test acc 0.382, train loss 0.0614, test loss 0.0730
  seed 9 epoch  70/500: train acc 0.551, test acc 0.500, train loss 0.0522, test loss 0.0653
  seed 9 epoch  80/500: train acc 0.644, test acc 0.514, train loss 0.0446, test loss 0.0592
  seed 9 epoch  90/500: train acc 0.676, test acc 0.549, train loss 0.0374, test loss 0.0569
  seed 9 epoch 100/500: train acc 0.787, test acc 0.528, train loss 0.0293, test loss 0.0535
  seed 9 epoch 110/500: train acc 0.694, test acc 0.569, train loss 0.0327, test loss 0.0522
  seed 9 epoch 120/500: train acc 0.856, test acc 0.556, train loss 0.0219, test loss 0.0508
  seed 9 epoch 130/500: train acc 0.935, test acc 0.646, train loss 0.0184, test loss 0.0439
  seed 9 epoch 140/500: train acc 0.931, test acc 0.604, train loss 0.0155, test loss 0.0456
  seed 9 epoch 150/500: train acc 0.963, test acc 0.583, train loss 0.0132, test loss 0.0468
  seed 9 epoch 160/500: train acc 0.954, test acc 0.625, train loss 0.0133, test loss 0.0436
  seed 9 epoch 170/500: train acc 0.995, test acc 0.625, train loss 0.0105, test loss 0.0422
  seed 9 epoch 180/500: train acc 0.917, test acc 0.646, train loss 0.0138, test loss 0.0452
  seed 9 epoch 190/500: train acc 0.991, test acc 0.618, train loss 0.0079, test loss 0.0421
  seed 9 epoch 200/500: train acc 0.981, test acc 0.576, train loss 0.0073, test loss 0.0458
  seed 9 epoch 210/500: train acc 0.991, test acc 0.556, train loss 0.0066, test loss 0.0481
  seed 9 epoch 220/500: train acc 0.991, test acc 0.556, train loss 0.0055, test loss 0.0473
  seed 9 epoch 230/500: train acc 0.917, test acc 0.590, train loss 0.0116, test loss 0.0455
  seed 9 epoch 240/500: train acc 1.000, test acc 0.597, train loss 0.0048, test loss 0.0438
  seed 9 epoch 250/500: train acc 0.926, test acc 0.639, train loss 0.0117, test loss 0.0422
  seed 9 epoch 260/500: train acc 1.000, test acc 0.597, train loss 0.0046, test loss 0.0458
  seed 9 epoch 270/500: train acc 0.995, test acc 0.646, train loss 0.0037, test loss 0.0446
  seed 9 epoch 280/500: train acc 0.995, test acc 0.569, train loss 0.0037, test loss 0.0477
  seed 9 epoch 290/500: train acc 0.995, test acc 0.611, train loss 0.0031, test loss 0.0466
  seed 9 epoch 300/500: train acc 0.986, test acc 0.583, train loss 0.0038, test loss 0.0509
  seed 9 epoch 310/500: train acc 1.000, test acc 0.618, train loss 0.0033, test loss 0.0481
  seed 9 epoch 320/500: train acc 1.000, test acc 0.576, train loss 0.0034, test loss 0.0494
  seed 9 epoch 330/500: train acc 1.000, test acc 0.597, train loss 0.0025, test loss 0.0512
  seed 9 epoch 340/500: train acc 0.972, test acc 0.535, train loss 0.0064, test loss 0.0561
  seed 9 epoch 350/500: train acc 0.995, test acc 0.597, train loss 0.0030, test loss 0.0460
  seed 9 epoch 360/500: train acc 1.000, test acc 0.625, train loss 0.0025, test loss 0.0459
  seed 9 epoch 370/500: train acc 1.000, test acc 0.639, train loss 0.0021, test loss 0.0469
  seed 9 epoch 380/500: train acc 1.000, test acc 0.632, train loss 0.0020, test loss 0.0467
  seed 9 epoch 390/500: train acc 1.000, test acc 0.618, train loss 0.0017, test loss 0.0482
  seed 9 epoch 400/500: train acc 1.000, test acc 0.583, train loss 0.0016, test loss 0.0521
  seed 9 epoch 410/500: train acc 0.995, test acc 0.597, train loss 0.0029, test loss 0.0554
  seed 9 epoch 420/500: train acc 0.991, test acc 0.646, train loss 0.0029, test loss 0.0426
  seed 9 epoch 430/500: train acc 1.000, test acc 0.625, train loss 0.0022, test loss 0.0428
  seed 9 epoch 440/500: train acc 1.000, test acc 0.604, train loss 0.0018, test loss 0.0483
  seed 9 epoch 450/500: train acc 1.000, test acc 0.618, train loss 0.0017, test loss 0.0487
  seed 9 epoch 460/500: train acc 0.995, test acc 0.597, train loss 0.0022, test loss 0.0499
  seed 9 epoch 470/500: train acc 0.991, test acc 0.667, train loss 0.0047, test loss 0.0389
  seed 9 epoch 480/500: train acc 1.000, test acc 0.674, train loss 0.0019, test loss 0.0412
  seed 9 epoch 490/500: train acc 1.000, test acc 0.653, train loss 0.0016, test loss 0.0430
  seed 9 epoch 500/500: train acc 1.000, test acc 0.660, train loss 0.0017, test loss 0.0447
seed 9: max-over-epochs test acc 0.688 at epoch 117, final-epoch test acc 0.660, final train acc 1.000, params 44924, 53s
--> allWords_Unvoiced: max-over-epochs 0.678 ± 0.036, final epoch 0.626 ± 0.036, best epoch median 343 (range 117-480)
